node_code;node_type;wlan_code;x(m);y(m);z(m);central_freq (GHz);channel_bonding_model;primary_channel;min_channel_allowed;max_channel_allowed;tx_power(dBm);cca(dBm);traffic_model;traffic_load[pkt/s];pkt_size[bit];num_pkt_agg;capture_eff_mode;capture_eff_thr;constant_PER;PIFS_activated;CW_adaptation;CW;CW_stage
AP_A;0;A;15;15;0;5.25;4;1;0;3;15.0;-82.0;4;1666.6;12000;64;0;10;0.0;1;1;16;5
STA_A1;1;A;15.92;13.035;0;5.25;4;1;0;3;15.0;-82.0;4;1666.6;12000;64;0;10;0.0;1;1;16;5
AP_B;0;B;28.6291;26.3484;0;5.25;0;1;0;3;15.0;-82.0;4;4240.784145170084;12000;64;0;10;0.0;1;1;16;5
STA_B1;1;B;26.8353;22.3605;0;5.25;0;1;0;3;15.0;-82.0;4;4240.784145170084;12000;64;0;10;0.0;1;1;16;5
AP_C;0;C;29.002;14.9997;0;5.25;4;3;0;3;15.0;-82.0;4;5114.325997088157;12000;64;0;10;0.0;1;1;16;5
STA_C1;1;C;32.0467;13.7794;0;5.25;4;3;0;3;15.0;-82.0;4;5114.325997088157;12000;64;0;10;0.0;1;1;16;5
AP_D;0;D;5.8653;2.0039;0;5.25;0;1;0;3;15.0;-82.0;4;2241.737955456355;12000;64;0;10;0.0;1;1;16;5
STA_D1;1;D;5.566;3.5719;0;5.25;0;1;0;3;15.0;-82.0;4;2241.737955456355;12000;64;0;10;0.0;1;1;16;5
