node_code;node_type;wlan_code;x(m);y(m);z(m);central_freq (GHz);channel_bonding_model;primary_channel;min_channel_allowed;max_channel_allowed;tx_power(dBm);cca(dBm);traffic_model;traffic_load[pkt/s];pkt_size[bit];num_pkt_agg;capture_eff_mode;capture_eff_thr;constant_PER;PIFS_activated;CW_adaptation;CW;CW_stage
AP_A;0;A;15;15;0;5.25;4;2;0;3;15.0;-82.0;1;833.3;12000;64;0;10;0.0;1;1;16;5
STA_A1;1;A;12.8088;13.2543;0;5.25;4;2;0;3;15.0;-82.0;1;833.3;12000;64;0;10;0.0;1;1;16;5
AP_B;0;B;19.8299;25.939;0;5.25;4;0;0;0;15.0;-82.0;1;957.2121323200302;12000;64;0;10;0.0;1;1;16;5
STA_B1;1;B;16.1847;25.0125;0;5.25;4;0;0;0;15.0;-82.0;1;957.2121323200302;12000;64;0;10;0.0;1;1;16;5
AP_C;0;C;3.9792;22.6588;0;5.25;4;1;0;3;15.0;-82.0;1;5074.25649378721;12000;64;0;10;0.0;1;1;16;5
STA_C1;1;C;2.8635;19.8241;0;5.25;4;1;0;3;15.0;-82.0;1;5074.25649378721;12000;64;0;10;0.0;1;1;16;5
AP_D;0;D;29.5594;7.2414;0;5.25;4;2;2;2;15.0;-82.0;1;3284.9936431692913;12000;64;0;10;0.0;1;1;16;5
STA_D1;1;D;27.59;7.9645;0;5.25;4;2;2;2;15.0;-82.0;1;3284.9936431692913;12000;64;0;10;0.0;1;1;16;5
