node_code;node_type;wlan_code;x(m);y(m);z(m);central_freq (GHz);channel_bonding_model;primary_channel;min_channel_allowed;max_channel_allowed;tx_power(dBm);cca(dBm);traffic_model;traffic_load[pkt/s];pkt_size[bit];num_pkt_agg;capture_eff_mode;capture_eff_thr;constant_PER;PIFS_activated;CW_adaptation;CW;CW_stage
AP_A;0;A;15;15;0;5.25;4;2;0;3;15.0;-82.0;1;1666.6;12000;64;0;10;0.0;1;1;16;5
STA_A1;1;A;16.7609;11.1374;0;5.25;4;2;0;3;15.0;-82.0;1;1666.6;12000;64;0;10;0.0;1;1;16;5
AP_B;0;B;1.9362;28.1945;0;5.25;0;2;0;3;15.0;-82.0;1;5041.342714463348;12000;64;0;10;0.0;1;1;16;5
STA_B1;1;B;4.3776;28.6835;0;5.25;0;2;0;3;15.0;-82.0;1;5041.342714463348;12000;64;0;10;0.0;1;1;16;5
AP_C;0;C;14.0776;25.8238;0;5.25;0;1;0;3;15.0;-82.0;1;4524.503493349335;12000;64;0;10;0.0;1;1;16;5
STA_C1;1;C;17.232;29.2884;0;5.25;0;1;0;3;15.0;-82.0;1;4524.503493349335;12000;64;0;10;0.0;1;1;16;5
AP_D;0;D;18.8675;2.9719;0;5.25;0;0;0;0;15.0;-82.0;1;6319.977447026588;12000;64;0;10;0.0;1;1;16;5
STA_D1;1;D;14.9276;1.3405;0;5.25;0;0;0;0;15.0;-82.0;1;6319.977447026588;12000;64;0;10;0.0;1;1;16;5
