node_code;node_type;wlan_code;x(m);y(m);z(m);central_freq (GHz);channel_bonding_model;primary_channel;min_channel_allowed;max_channel_allowed;tx_power(dBm);cca(dBm);traffic_model;traffic_load[pkt/s];pkt_size[bit];num_pkt_agg;capture_eff_mode;capture_eff_thr;constant_PER;PIFS_activated;CW_adaptation;CW;CW_stage
AP_A;0;A;15;15;0;5.25;4;2;0;3;15.0;-82.0;4;833.3;12000;64;0;10;0.0;1;1;16;5
STA_A1;1;A;17.9421;17.1691;0;5.25;4;2;0;3;15.0;-82.0;4;833.3;12000;64;0;10;0.0;1;1;16;5
AP_B;0;B;18.3089;25.3017;0;5.25;0;1;0;1;15.0;-82.0;4;3965.8467130142053;12000;64;0;10;0.0;1;1;16;5
STA_B1;1;B;18.8956;27.2356;0;5.25;0;1;0;1;15.0;-82.0;4;3965.8467130142053;12000;64;0;10;0.0;1;1;16;5
AP_C;0;C;26.6178;15.0575;0;5.25;0;0;0;0;15.0;-82.0;4;4926.200935923572;12000;64;0;10;0.0;1;1;16;5
STA_C1;1;C;25.2181;19.5828;0;5.25;0;0;0;0;15.0;-82.0;4;4926.200935923572;12000;64;0;10;0.0;1;1;16;5
AP_D;0;D;4.4082;20.2727;0;5.25;4;0;0;1;15.0;-82.0;4;8038.263956195935;12000;64;0;10;0.0;1;1;16;5
STA_D1;1;D;6.2071;20.9783;0;5.25;4;0;0;1;15.0;-82.0;4;8038.263956195935;12000;64;0;10;0.0;1;1;16;5
