node_code;node_type;wlan_code;x(m);y(m);z(m);central_freq (GHz);channel_bonding_model;primary_channel;min_channel_allowed;max_channel_allowed;tx_power(dBm);cca(dBm);traffic_model;traffic_load[pkt/s];pkt_size[bit];num_pkt_agg;capture_eff_mode;capture_eff_thr;constant_PER;PIFS_activated;CW_adaptation;CW;CW_stage
AP_A;0;A;15;15;0;5.25;4;0;0;3;15.0;-82.0;1;1666.6;12000;64;0;10;0.0;1;1;16;5
STA_A1;1;A;13.8368;14.9479;0;5.25;4;0;0;3;15.0;-82.0;1;1666.6;12000;64;0;10;0.0;1;1;16;5
AP_B;0;B;29.5091;26.1895;0;5.25;4;3;2;3;15.0;-82.0;1;2539.563812899779;12000;64;0;10;0.0;1;1;16;5
STA_B1;1;B;32.7215;23.9841;0;5.25;4;3;2;3;15.0;-82.0;1;2539.563812899779;12000;64;0;10;0.0;1;1;16;5
AP_C;0;C;8.4595;24.6487;0;5.25;0;0;0;1;15.0;-82.0;1;5210.690124587844;12000;64;0;10;0.0;1;1;16;5
STA_C1;1;C;11.1134;28.5929;0;5.25;0;0;0;1;15.0;-82.0;1;5210.690124587844;12000;64;0;10;0.0;1;1;16;5
AP_D;0;D;27.5565;9.4698;0;5.25;0;2;0;3;15.0;-82.0;1;2019.5111215702852;12000;64;0;10;0.0;1;1;16;5
STA_D1;1;D;27.993;5.1936;0;5.25;0;2;0;3;15.0;-82.0;1;2019.5111215702852;12000;64;0;10;0.0;1;1;16;5
