node_code;node_type;wlan_code;x(m);y(m);z(m);central_freq (GHz);channel_bonding_model;primary_channel;min_channel_allowed;max_channel_allowed;tx_power(dBm);cca(dBm);traffic_model;traffic_load[pkt/s];pkt_size[bit];num_pkt_agg;capture_eff_mode;capture_eff_thr;constant_PER;PIFS_activated;CW_adaptation;CW;CW_stage
AP_A;0;A;15;15;0;5.25;4;2;0;3;15.0;-82.0;1;8333.0;12000;64;0;10;0.0;1;1;16;5
STA_A1;1;A;16.8256;14.6006;0;5.25;4;2;0;3;15.0;-82.0;1;8333.0;12000;64;0;10;0.0;1;1;16;5
AP_B;0;B;8.2331;26.1976;0;5.25;0;1;0;3;15.0;-82.0;1;7700.717615188414;12000;64;0;10;0.0;1;1;16;5
STA_B1;1;B;10.999;28.0669;0;5.25;0;1;0;3;15.0;-82.0;1;7700.717615188414;12000;64;0;10;0.0;1;1;16;5
AP_C;0;C;27.6859;0.8224;0;5.25;4;3;0;3;15.0;-82.0;1;980.1443451368735;12000;64;0;10;0.0;1;1;16;5
STA_C1;1;C;31.7105;-1.8047;0;5.25;4;3;0;3;15.0;-82.0;1;980.1443451368735;12000;64;0;10;0.0;1;1;16;5
AP_D;0;D;20.6322;29.2913;0;5.25;0;0;0;3;15.0;-82.0;1;864.3326705046321;12000;64;0;10;0.0;1;1;16;5
STA_D1;1;D;19.7182;27.9602;0;5.25;0;0;0;3;15.0;-82.0;1;864.3326705046321;12000;64;0;10;0.0;1;1;16;5
