node_code;node_type;wlan_code;x(m);y(m);z(m);central_freq (GHz);channel_bonding_model;primary_channel;min_channel_allowed;max_channel_allowed;tx_power(dBm);cca(dBm);traffic_model;traffic_load[pkt/s];pkt_size[bit];num_pkt_agg;capture_eff_mode;capture_eff_thr;constant_PER;PIFS_activated;CW_adaptation;CW;CW_stage
AP_A;0;A;15;15;0;5.25;4;1;0;3;15.0;-82.0;4;4166.5;12000;64;0;10;0.0;1;1;16;5
STA_A1;1;A;16.6333;19.0688;0;5.25;4;1;0;3;15.0;-82.0;4;4166.5;12000;64;0;10;0.0;1;1;16;5
AP_B;0;B;2.7221;20.4427;0;5.25;4;3;2;3;15.0;-82.0;4;2320.712815480965;12000;64;0;10;0.0;1;1;16;5
STA_B1;1;B;5.3686;18.2434;0;5.25;4;3;2;3;15.0;-82.0;4;2320.712815480965;12000;64;0;10;0.0;1;1;16;5
AP_C;0;C;19.5351;5.5381;0;5.25;0;1;0;3;15.0;-82.0;4;5080.498209794336;12000;64;0;10;0.0;1;1;16;5
STA_C1;1;C;16.7965;2.2823;0;5.25;0;1;0;3;15.0;-82.0;4;5080.498209794336;12000;64;0;10;0.0;1;1;16;5
AP_D;0;D;27.4908;27.258;0;5.25;0;2;0;3;15.0;-82.0;4;7460.49410154563;12000;64;0;10;0.0;1;1;16;5
STA_D1;1;D;26.2145;23.8123;0;5.25;0;2;0;3;15.0;-82.0;4;7460.49410154563;12000;64;0;10;0.0;1;1;16;5
