node_code;node_type;wlan_code;x(m);y(m);z(m);central_freq (GHz);channel_bonding_model;primary_channel;min_channel_allowed;max_channel_allowed;tx_power(dBm);cca(dBm);traffic_model;traffic_load[pkt/s];pkt_size[bit];num_pkt_agg;capture_eff_mode;capture_eff_thr;constant_PER;PIFS_activated;CW_adaptation;CW;CW_stage
AP_A;0;A;15;15;0;5.25;4;2;0;3;15.0;-82.0;4;833.3;12000;64;0;10;0.0;1;1;16;5
STA_A1;1;A;16.4514;19.1878;0;5.25;4;2;0;3;15.0;-82.0;4;833.3;12000;64;0;10;0.0;1;1;16;5
AP_B;0;B;17.2787;4.5056;0;5.25;0;2;2;2;15.0;-82.0;4;5141.8320419779;12000;64;0;10;0.0;1;1;16;5
STA_B1;1;B;15.2758;5.0264;0;5.25;0;2;2;2;15.0;-82.0;4;5141.8320419779;12000;64;0;10;0.0;1;1;16;5
AP_C;0;C;1.7651;12.4777;0;5.25;0;0;0;0;15.0;-82.0;4;6606.069272543484;12000;64;0;10;0.0;1;1;16;5
STA_C1;1;C;0.8932;11.2543;0;5.25;0;0;0;0;15.0;-82.0;4;6606.069272543484;12000;64;0;10;0.0;1;1;16;5
AP_D;0;D;8.6769;22.832;0;5.25;0;3;0;3;15.0;-82.0;4;7468.7738601337305;12000;64;0;10;0.0;1;1;16;5
STA_D1;1;D;12.1774;19.3555;0;5.25;0;3;0;3;15.0;-82.0;4;7468.7738601337305;12000;64;0;10;0.0;1;1;16;5
