node_code;node_type;wlan_code;x(m);y(m);z(m);central_freq (GHz);channel_bonding_model;primary_channel;min_channel_allowed;max_channel_allowed;tx_power(dBm);cca(dBm);traffic_model;traffic_load[pkt/s];pkt_size[bit];num_pkt_agg;capture_eff_mode;capture_eff_thr;constant_PER;PIFS_activated;CW_adaptation;CW;CW_stage
AP_A;0;A;15;15;0;5.25;4;0;0;3;15.0;-82.0;4;8333.0;12000;64;0;10;0.0;1;1;16;5
STA_A1;1;A;12.8208;13.6771;0;5.25;4;0;0;3;15.0;-82.0;4;8333.0;12000;64;0;10;0.0;1;1;16;5
AP_B;0;B;6.38;3.6372;0;5.25;0;1;0;3;15.0;-82.0;4;7957.41898316326;12000;64;0;10;0.0;1;1;16;5
STA_B1;1;B;8.7062;1.6606;0;5.25;0;1;0;3;15.0;-82.0;4;7957.41898316326;12000;64;0;10;0.0;1;1;16;5
AP_C;0;C;0.2049;14.4288;0;5.25;4;1;0;3;15.0;-82.0;4;5702.096755801219;12000;64;0;10;0.0;1;1;16;5
STA_C1;1;C;-0.3848;18.4004;0;5.25;4;1;0;3;15.0;-82.0;4;5702.096755801219;12000;64;0;10;0.0;1;1;16;5
AP_D;0;D;22.512;27.0438;0;5.25;4;1;0;3;15.0;-82.0;4;7304.461573093273;12000;64;0;10;0.0;1;1;16;5
STA_D1;1;D;20.8667;25.0599;0;5.25;4;1;0;3;15.0;-82.0;4;7304.461573093273;12000;64;0;10;0.0;1;1;16;5
