node_code;node_type;wlan_code;x(m);y(m);z(m);central_freq (GHz);channel_bonding_model;primary_channel;min_channel_allowed;max_channel_allowed;tx_power(dBm);cca(dBm);traffic_model;traffic_load[pkt/s];pkt_size[bit];num_pkt_agg;capture_eff_mode;capture_eff_thr;constant_PER;PIFS_activated;CW_adaptation;CW;CW_stage
AP_A;0;A;15;15;0;5.25;4;2;0;3;15.0;-82.0;4;1666.6;12000;64;0;10;0.0;1;1;16;5
STA_A1;1;A;18.1994;15.5506;0;5.25;4;2;0;3;15.0;-82.0;4;1666.6;12000;64;0;10;0.0;1;1;16;5
AP_B;0;B;29.9618;11.6;0;5.25;4;1;0;1;15.0;-82.0;4;8127.421643856818;12000;64;0;10;0.0;1;1;16;5
STA_B1;1;B;32.9842;12.7162;0;5.25;4;1;0;1;15.0;-82.0;4;8127.421643856818;12000;64;0;10;0.0;1;1;16;5
AP_C;0;C;3.4611;23.841;0;5.25;4;3;3;3;15.0;-82.0;4;4658.261423944225;12000;64;0;10;0.0;1;1;16;5
STA_C1;1;C;-0.5448;22.4765;0;5.25;4;3;3;3;15.0;-82.0;4;4658.261423944225;12000;64;0;10;0.0;1;1;16;5
AP_D;0;D;24.9951;20.9267;0;5.25;0;0;0;1;15.0;-82.0;4;1705.1467322949795;12000;64;0;10;0.0;1;1;16;5
STA_D1;1;D;22.348;20.6454;0;5.25;0;0;0;1;15.0;-82.0;4;1705.1467322949795;12000;64;0;10;0.0;1;1;16;5
