node_code;node_type;wlan_code;x(m);y(m);z(m);central_freq (GHz);channel_bonding_model;primary_channel;min_channel_allowed;max_channel_allowed;tx_power(dBm);cca(dBm);traffic_model;traffic_load[pkt/s];pkt_size[bit];num_pkt_agg;capture_eff_mode;capture_eff_thr;constant_PER;PIFS_activated;CW_adaptation;CW;CW_stage
AP_A;0;A;15;15;0;5.25;4;2;0;3;15.0;-82.0;1;8333.0;12000;64;0;10;0.0;1;1;16;5
STA_A1;1;A;19.3845;15.4197;0;5.25;4;2;0;3;15.0;-82.0;1;8333.0;12000;64;0;10;0.0;1;1;16;5
AP_B;0;B;5.2317;17.1602;0;5.25;4;1;0;1;15.0;-82.0;1;4989.530362928898;12000;64;0;10;0.0;1;1;16;5
STA_B1;1;B;8.55;17.6194;0;5.25;4;1;0;1;15.0;-82.0;1;4989.530362928898;12000;64;0;10;0.0;1;1;16;5
AP_C;0;C;28.5148;5.7548;0;5.25;0;1;1;1;15.0;-82.0;1;2213.104880708507;12000;64;0;10;0.0;1;1;16;5
STA_C1;1;C;27.0103;8.5335;0;5.25;0;1;1;1;15.0;-82.0;1;2213.104880708507;12000;64;0;10;0.0;1;1;16;5
AP_D;0;D;4.4631;28.8147;0;5.25;4;2;2;2;15.0;-82.0;1;8155.781323373353;12000;64;0;10;0.0;1;1;16;5
STA_D1;1;D;2.3521;25.0473;0;5.25;4;2;2;2;15.0;-82.0;1;8155.781323373353;12000;64;0;10;0.0;1;1;16;5
