node_code;node_type;wlan_code;x(m);y(m);z(m);central_freq (GHz);channel_bonding_model;primary_channel;min_channel_allowed;max_channel_allowed;tx_power(dBm);cca(dBm);traffic_model;traffic_load[pkt/s];pkt_size[bit];num_pkt_agg;capture_eff_mode;capture_eff_thr;constant_PER;PIFS_activated;CW_adaptation;CW;CW_stage
AP_A;0;A;15;15;0;5.25;4;0;0;3;15.0;-82.0;1;1666.6;12000;64;0;10;0.0;1;1;16;5
STA_A1;1;A;14.2364;12.3708;0;5.25;4;0;0;3;15.0;-82.0;1;1666.6;12000;64;0;10;0.0;1;1;16;5
AP_B;0;B;24.3663;11.2492;0;5.25;4;3;0;3;15.0;-82.0;1;895.4292892403138;12000;64;0;10;0.0;1;1;16;5
STA_B1;1;B;25.513;9.1971;0;5.25;4;3;0;3;15.0;-82.0;1;895.4292892403138;12000;64;0;10;0.0;1;1;16;5
AP_C;0;C;2.1981;27.6898;0;5.25;0;1;1;1;15.0;-82.0;1;4161.294029906593;12000;64;0;10;0.0;1;1;16;5
STA_C1;1;C;3.9243;26.7666;0;5.25;0;1;1;1;15.0;-82.0;1;4161.294029906593;12000;64;0;10;0.0;1;1;16;5
AP_D;0;D;29.1125;27.104;0;5.25;4;2;2;3;15.0;-82.0;1;5714.342363402676;12000;64;0;10;0.0;1;1;16;5
STA_D1;1;D;29.5852;28.8956;0;5.25;4;2;2;3;15.0;-82.0;1;5714.342363402676;12000;64;0;10;0.0;1;1;16;5
