node_code;node_type;wlan_code;x(m);y(m);z(m);central_freq (GHz);channel_bonding_model;primary_channel;min_channel_allowed;max_channel_allowed;tx_power(dBm);cca(dBm);traffic_model;traffic_load[pkt/s];pkt_size[bit];num_pkt_agg;capture_eff_mode;capture_eff_thr;constant_PER;PIFS_activated;CW_adaptation;CW;CW_stage
AP_A;0;A;15;15;0;5.25;4;2;0;3;15.0;-82.0;4;833.3;12000;64;0;10;0.0;1;1;16;5
STA_A1;1;A;12.8481;17.6262;0;5.25;4;2;0;3;15.0;-82.0;4;833.3;12000;64;0;10;0.0;1;1;16;5
AP_B;0;B;29.5624;16.5005;0;5.25;0;0;0;1;15.0;-82.0;4;3286.8720822871283;12000;64;0;10;0.0;1;1;16;5
STA_B1;1;B;32.6807;13.6582;0;5.25;0;0;0;1;15.0;-82.0;4;3286.8720822871283;12000;64;0;10;0.0;1;1;16;5
AP_C;0;C;16.7154;26.323;0;5.25;4;1;0;1;15.0;-82.0;4;3184.5527429236645;12000;64;0;10;0.0;1;1;16;5
STA_C1;1;C;15.1175;24.1429;0;5.25;4;1;0;1;15.0;-82.0;4;3184.5527429236645;12000;64;0;10;0.0;1;1;16;5
AP_D;0;D;6.0438;2.5069;0;5.25;0;2;2;3;15.0;-82.0;4;6330.507567853782;12000;64;0;10;0.0;1;1;16;5
STA_D1;1;D;3.526;0.0775;0;5.25;0;2;2;3;15.0;-82.0;4;6330.507567853782;12000;64;0;10;0.0;1;1;16;5
