node_code;node_type;wlan_code;x(m);y(m);z(m);central_freq (GHz);channel_bonding_model;primary_channel;min_channel_allowed;max_channel_allowed;tx_power(dBm);cca(dBm);traffic_model;traffic_load[pkt/s];pkt_size[bit];num_pkt_agg;capture_eff_mode;capture_eff_thr;constant_PER;PIFS_activated;CW_adaptation;CW;CW_stage
AP_A;0;A;15;15;0;5.25;4;1;0;3;15.0;-82.0;4;4166.5;12000;64;0;10;0.0;1;1;16;5
STA_A1;1;A;16.0388;16.5452;0;5.25;4;1;0;3;15.0;-82.0;4;4166.5;12000;64;0;10;0.0;1;1;16;5
AP_B;0;B;16.9787;27.593;0;5.25;4;3;3;3;15.0;-82.0;4;3357.042716179184;12000;64;0;10;0.0;1;1;16;5
STA_B1;1;B;18.603;31.5575;0;5.25;4;3;3;3;15.0;-82.0;4;3357.042716179184;12000;64;0;10;0.0;1;1;16;5
AP_C;0;C;28.8657;5.5213;0;5.25;4;1;1;1;15.0;-82.0;4;2030.0079490876615;12000;64;0;10;0.0;1;1;16;5
STA_C1;1;C;32.3569;4.4001;0;5.25;4;1;1;1;15.0;-82.0;4;2030.0079490876615;12000;64;0;10;0.0;1;1;16;5
AP_D;0;D;3.6229;22.7551;0;5.25;4;1;0;1;15.0;-82.0;4;5761.7444941938065;12000;64;0;10;0.0;1;1;16;5
STA_D1;1;D;5.7397;25.8212;0;5.25;4;1;0;1;15.0;-82.0;4;5761.7444941938065;12000;64;0;10;0.0;1;1;16;5
