node_code;node_type;wlan_code;x(m);y(m);z(m);central_freq (GHz);channel_bonding_model;primary_channel;min_channel_allowed;max_channel_allowed;tx_power(dBm);cca(dBm);traffic_model;traffic_load[pkt/s];pkt_size[bit];num_pkt_agg;capture_eff_mode;capture_eff_thr;constant_PER;PIFS_activated;CW_adaptation;CW;CW_stage
AP_A;0;A;15;15;0;5.25;4;0;0;3;15.0;-82.0;4;1666.6;12000;64;0;10;0.0;1;1;16;5
STA_A1;1;A;17.9848;13.9185;0;5.25;4;0;0;3;15.0;-82.0;4;1666.6;12000;64;0;10;0.0;1;1;16;5
AP_B;0;B;7.6151;29.1086;0;5.25;4;0;0;1;15.0;-82.0;4;7984.379252466086;12000;64;0;10;0.0;1;1;16;5
STA_B1;1;B;9.3911;24.6392;0;5.25;4;0;0;1;15.0;-82.0;4;7984.379252466086;12000;64;0;10;0.0;1;1;16;5
AP_C;0;C;3.5822;1.5043;0;5.25;4;1;0;1;15.0;-82.0;4;6132.472272790763;12000;64;0;10;0.0;1;1;16;5
STA_C1;1;C;7.0851;0.3635;0;5.25;4;1;0;1;15.0;-82.0;4;6132.472272790763;12000;64;0;10;0.0;1;1;16;5
AP_D;0;D;23.5195;7.4329;0;5.25;0;3;3;3;15.0;-82.0;4;1782.4959643353388;12000;64;0;10;0.0;1;1;16;5
STA_D1;1;D;19.3399;9.1267;0;5.25;0;3;3;3;15.0;-82.0;4;1782.4959643353388;12000;64;0;10;0.0;1;1;16;5
