node_code;node_type;wlan_code;x(m);y(m);z(m);central_freq (GHz);channel_bonding_model;primary_channel;min_channel_allowed;max_channel_allowed;tx_power(dBm);cca(dBm);traffic_model;traffic_load[pkt/s];pkt_size[bit];num_pkt_agg;capture_eff_mode;capture_eff_thr;constant_PER;PIFS_activated;CW_adaptation;CW;CW_stage
AP_A;0;A;15;15;0;5.25;4;0;0;3;15.0;-82.0;4;1666.6;12000;64;0;10;0.0;1;1;16;5
STA_A1;1;A;10.9151;13.2857;0;5.25;4;0;0;3;15.0;-82.0;4;1666.6;12000;64;0;10;0.0;1;1;16;5
AP_B;0;B;4.4207;17.4788;0;5.25;0;3;2;3;15.0;-82.0;4;5961.052206895294;12000;64;0;10;0.0;1;1;16;5
STA_B1;1;B;4.7648;12.7591;0;5.25;0;3;2;3;15.0;-82.0;4;5961.052206895294;12000;64;0;10;0.0;1;1;16;5
AP_C;0;C;28.3478;26.0303;0;5.25;0;0;0;3;15.0;-82.0;4;2656.1525299170444;12000;64;0;10;0.0;1;1;16;5
STA_C1;1;C;27.0284;27.8693;0;5.25;0;0;0;3;15.0;-82.0;4;2656.1525299170444;12000;64;0;10;0.0;1;1;16;5
AP_D;0;D;4.829;5.1984;0;5.25;0;3;3;3;15.0;-82.0;4;2849.9289232708834;12000;64;0;10;0.0;1;1;16;5
STA_D1;1;D;3.283;3.4507;0;5.25;0;3;3;3;15.0;-82.0;4;2849.9289232708834;12000;64;0;10;0.0;1;1;16;5
