node_code;node_type;wlan_code;x(m);y(m);z(m);central_freq (GHz);channel_bonding_model;primary_channel;min_channel_allowed;max_channel_allowed;tx_power(dBm);cca(dBm);traffic_model;traffic_load[pkt/s];pkt_size[bit];num_pkt_agg;capture_eff_mode;capture_eff_thr;constant_PER;PIFS_activated;CW_adaptation;CW;CW_stage
AP_A;0;A;15;15;0;5.25;4;1;0;3;15.0;-82.0;4;833.3;12000;64;0;10;0.0;1;1;16;5
STA_A1;1;A;13.3665;17.741;0;5.25;4;1;0;3;15.0;-82.0;4;833.3;12000;64;0;10;0.0;1;1;16;5
AP_B;0;B;25.3898;11.3711;0;5.25;4;0;0;0;15.0;-82.0;4;3979.4193333002886;12000;64;0;10;0.0;1;1;16;5
STA_B1;1;B;22.5944;11.3055;0;5.25;4;0;0;0;15.0;-82.0;4;3979.4193333002886;12000;64;0;10;0.0;1;1;16;5
AP_C;0;C;4.2372;19.2219;0;5.25;4;3;0;3;15.0;-82.0;4;3239.0419465333825;12000;64;0;10;0.0;1;1;16;5
STA_C1;1;C;3.0221;16.9142;0;5.25;4;3;0;3;15.0;-82.0;4;3239.0419465333825;12000;64;0;10;0.0;1;1;16;5
AP_D;0;D;27.6862;28.902;0;5.25;4;3;2;3;15.0;-82.0;4;2088.225981529801;12000;64;0;10;0.0;1;1;16;5
STA_D1;1;D;26.3198;33.1393;0;5.25;4;3;2;3;15.0;-82.0;4;2088.225981529801;12000;64;0;10;0.0;1;1;16;5
