node_code;node_type;wlan_code;x(m);y(m);z(m);central_freq (GHz);channel_bonding_model;primary_channel;min_channel_allowed;max_channel_allowed;tx_power(dBm);cca(dBm);traffic_model;traffic_load[pkt/s];pkt_size[bit];num_pkt_agg;capture_eff_mode;capture_eff_thr;constant_PER;PIFS_activated;CW_adaptation;CW;CW_stage
AP_A;0;A;15;15;0;5.25;4;2;0;3;15.0;-82.0;4;8333.0;12000;64;0;10;0.0;1;1;16;5
STA_A1;1;A;16.4721;16.4911;0;5.25;4;2;0;3;15.0;-82.0;4;8333.0;12000;64;0;10;0.0;1;1;16;5
AP_B;0;B;27.7012;1.2115;0;5.25;4;1;0;3;15.0;-82.0;4;3518.834923508428;12000;64;0;10;0.0;1;1;16;5
STA_B1;1;B;24.8605;-1.528;0;5.25;4;1;0;3;15.0;-82.0;4;3518.834923508428;12000;64;0;10;0.0;1;1;16;5
AP_C;0;C;25.9156;27.1493;0;5.25;0;1;1;1;15.0;-82.0;4;2300.112493612525;12000;64;0;10;0.0;1;1;16;5
STA_C1;1;C;29.9449;27.391;0;5.25;0;1;1;1;15.0;-82.0;4;2300.112493612525;12000;64;0;10;0.0;1;1;16;5
AP_D;0;D;2.6682;0.8626;0;5.25;4;0;0;0;15.0;-82.0;4;3143.8010929445127;12000;64;0;10;0.0;1;1;16;5
STA_D1;1;D;6.4019;0.6379;0;5.25;4;0;0;0;15.0;-82.0;4;3143.8010929445127;12000;64;0;10;0.0;1;1;16;5
