node_code;node_type;wlan_code;x(m);y(m);z(m);central_freq (GHz);channel_bonding_model;primary_channel;min_channel_allowed;max_channel_allowed;tx_power(dBm);cca(dBm);traffic_model;traffic_load[pkt/s];pkt_size[bit];num_pkt_agg;capture_eff_mode;capture_eff_thr;constant_PER;PIFS_activated;CW_adaptation;CW;CW_stage
AP_A;0;A;15;15;0;5.25;4;0;0;3;15.0;-82.0;4;1666.6;12000;64;0;10;0.0;1;1;16;5
STA_A1;1;A;13.8324;10.2833;0;5.25;4;0;0;3;15.0;-82.0;4;1666.6;12000;64;0;10;0.0;1;1;16;5
AP_B;0;B;25.0093;2.935;0;5.25;4;3;0;3;15.0;-82.0;4;4818.96730313111;12000;64;0;10;0.0;1;1;16;5
STA_B1;1;B;28.4662;0.472;0;5.25;4;3;0;3;15.0;-82.0;4;4818.96730313111;12000;64;0;10;0.0;1;1;16;5
AP_C;0;C;11.944;28.1053;0;5.25;0;0;0;1;15.0;-82.0;4;6878.898902341236;12000;64;0;10;0.0;1;1;16;5
STA_C1;1;C;12.7945;32.4368;0;5.25;0;0;0;1;15.0;-82.0;4;6878.898902341236;12000;64;0;10;0.0;1;1;16;5
AP_D;0;D;23.974;29.7934;0;5.25;0;0;0;3;15.0;-82.0;4;1757.4268423220274;12000;64;0;10;0.0;1;1;16;5
STA_D1;1;D;21.4343;29.1561;0;5.25;0;0;0;3;15.0;-82.0;4;1757.4268423220274;12000;64;0;10;0.0;1;1;16;5
