node_code;node_type;wlan_code;x(m);y(m);z(m);central_freq (GHz);channel_bonding_model;primary_channel;min_channel_allowed;max_channel_allowed;tx_power(dBm);cca(dBm);traffic_model;traffic_load[pkt/s];pkt_size[bit];num_pkt_agg;capture_eff_mode;capture_eff_thr;constant_PER;PIFS_activated;CW_adaptation;CW;CW_stage
AP_A;0;A;15;15;0;5.25;4;0;0;3;15.0;-82.0;4;833.3;12000;64;0;10;0.0;1;1;16;5
STA_A1;1;A;16.8348;18.3868;0;5.25;4;0;0;3;15.0;-82.0;4;833.3;12000;64;0;10;0.0;1;1;16;5
AP_B;0;B;11.2964;27.7857;0;5.25;0;1;0;3;15.0;-82.0;4;2590.4899350943033;12000;64;0;10;0.0;1;1;16;5
STA_B1;1;B;14.1271;28.7074;0;5.25;0;1;0;3;15.0;-82.0;4;2590.4899350943033;12000;64;0;10;0.0;1;1;16;5
AP_C;0;C;25.4024;4.2515;0;5.25;4;1;1;1;15.0;-82.0;4;5702.215559755177;12000;64;0;10;0.0;1;1;16;5
STA_C1;1;C;26.8959;2.9084;0;5.25;4;1;1;1;15.0;-82.0;4;5702.215559755177;12000;64;0;10;0.0;1;1;16;5
AP_D;0;D;25.1485;29.2937;0;5.25;4;2;0;3;15.0;-82.0;4;2603.8221103978876;12000;64;0;10;0.0;1;1;16;5
STA_D1;1;D;27.0606;29.6784;0;5.25;4;2;0;3;15.0;-82.0;4;2603.8221103978876;12000;64;0;10;0.0;1;1;16;5
