node_code;node_type;wlan_code;x(m);y(m);z(m);central_freq (GHz);channel_bonding_model;primary_channel;min_channel_allowed;max_channel_allowed;tx_power(dBm);cca(dBm);traffic_model;traffic_load[pkt/s];pkt_size[bit];num_pkt_agg;capture_eff_mode;capture_eff_thr;constant_PER;PIFS_activated;CW_adaptation;CW;CW_stage
AP_A;0;A;15;15;0;5.25;4;1;0;3;15.0;-82.0;1;4166.5;12000;64;0;10;0.0;1;1;16;5
STA_A1;1;A;12.3201;12.8269;0;5.25;4;1;0;3;15.0;-82.0;1;4166.5;12000;64;0;10;0.0;1;1;16;5
AP_B;0;B;9.4306;2.9094;0;5.25;4;0;0;0;15.0;-82.0;1;6176.230122908675;12000;64;0;10;0.0;1;1;16;5
STA_B1;1;B;8.6894;-0.1531;0;5.25;4;0;0;0;15.0;-82.0;1;6176.230122908675;12000;64;0;10;0.0;1;1;16;5
AP_C;0;C;26.0624;16.2369;0;5.25;4;1;0;1;15.0;-82.0;1;7743.310649927381;12000;64;0;10;0.0;1;1;16;5
STA_C1;1;C;30.7884;17.1094;0;5.25;4;1;0;1;15.0;-82.0;1;7743.310649927381;12000;64;0;10;0.0;1;1;16;5
AP_D;0;D;20.4047;6.187;0;5.25;4;1;0;1;15.0;-82.0;1;2567.7988666914544;12000;64;0;10;0.0;1;1;16;5
STA_D1;1;D;22.48;10.0212;0;5.25;4;1;0;1;15.0;-82.0;1;2567.7988666914544;12000;64;0;10;0.0;1;1;16;5
