node_code;node_type;wlan_code;x(m);y(m);z(m);central_freq (GHz);channel_bonding_model;primary_channel;min_channel_allowed;max_channel_allowed;tx_power(dBm);cca(dBm);traffic_model;traffic_load[pkt/s];pkt_size[bit];num_pkt_agg;capture_eff_mode;capture_eff_thr;constant_PER;PIFS_activated;CW_adaptation;CW;CW_stage
AP_A;0;A;15;15;0;5.25;4;0;0;3;15.0;-82.0;1;4166.5;12000;64;0;10;0.0;1;1;16;5
STA_A1;1;A;11.3065;12.7021;0;5.25;4;0;0;3;15.0;-82.0;1;4166.5;12000;64;0;10;0.0;1;1;16;5
AP_B;0;B;9.2825;0.6441;0;5.25;4;2;2;3;15.0;-82.0;1;7144.316029842864;12000;64;0;10;0.0;1;1;16;5
STA_B1;1;B;11.6888;-2.6418;0;5.25;4;2;2;3;15.0;-82.0;1;7144.316029842864;12000;64;0;10;0.0;1;1;16;5
AP_C;0;C;2.549;29.4304;0;5.25;0;3;3;3;15.0;-82.0;1;5041.256411991949;12000;64;0;10;0.0;1;1;16;5
STA_C1;1;C;-0.3865;26.9238;0;5.25;0;3;3;3;15.0;-82.0;1;5041.256411991949;12000;64;0;10;0.0;1;1;16;5
AP_D;0;D;29.2736;17.6307;0;5.25;4;0;0;0;15.0;-82.0;1;4945.017225102522;12000;64;0;10;0.0;1;1;16;5
STA_D1;1;D;24.9896;19.5923;0;5.25;4;0;0;0;15.0;-82.0;1;4945.017225102522;12000;64;0;10;0.0;1;1;16;5
