node_code;node_type;wlan_code;x(m);y(m);z(m);central_freq (GHz);channel_bonding_model;primary_channel;min_channel_allowed;max_channel_allowed;tx_power(dBm);cca(dBm);traffic_model;traffic_load[pkt/s];pkt_size[bit];num_pkt_agg;capture_eff_mode;capture_eff_thr;constant_PER;PIFS_activated;CW_adaptation;CW;CW_stage
AP_A;0;A;15;15;0;5.25;4;2;0;3;15.0;-82.0;4;833.3;12000;64;0;10;0.0;1;1;16;5
STA_A1;1;A;16.5538;17.4528;0;5.25;4;2;0;3;15.0;-82.0;4;833.3;12000;64;0;10;0.0;1;1;16;5
AP_B;0;B;0.4367;19.8934;0;5.25;0;1;1;1;15.0;-82.0;4;4430.652153777996;12000;64;0;10;0.0;1;1;16;5
STA_B1;1;B;3.1728;17.7343;0;5.25;0;1;1;1;15.0;-82.0;4;4430.652153777996;12000;64;0;10;0.0;1;1;16;5
AP_C;0;C;2.4063;5.834;0;5.25;0;3;2;3;15.0;-82.0;4;2952.188890307166;12000;64;0;10;0.0;1;1;16;5
STA_C1;1;C;2.5017;1.8409;0;5.25;0;3;2;3;15.0;-82.0;4;2952.188890307166;12000;64;0;10;0.0;1;1;16;5
AP_D;0;D;14.8332;0.1375;0;5.25;0;0;0;1;15.0;-82.0;4;4394.857098846804;12000;64;0;10;0.0;1;1;16;5
STA_D1;1;D;17.2201;-3.7557;0;5.25;0;0;0;1;15.0;-82.0;4;4394.857098846804;12000;64;0;10;0.0;1;1;16;5
