node_code;node_type;wlan_code;x(m);y(m);z(m);central_freq (GHz);channel_bonding_model;primary_channel;min_channel_allowed;max_channel_allowed;tx_power(dBm);cca(dBm);traffic_model;traffic_load[pkt/s];pkt_size[bit];num_pkt_agg;capture_eff_mode;capture_eff_thr;constant_PER;PIFS_activated;CW_adaptation;CW;CW_stage
AP_A;0;A;15;15;0;5.25;4;3;0;3;15.0;-82.0;4;1666.6;12000;64;0;10;0.0;1;1;16;5
STA_A1;1;A;15.4782;19.3533;0;5.25;4;3;0;3;15.0;-82.0;4;1666.6;12000;64;0;10;0.0;1;1;16;5
AP_B;0;B;20.3703;27.0356;0;5.25;4;1;0;3;15.0;-82.0;4;1880.3153963332447;12000;64;0;10;0.0;1;1;16;5
STA_B1;1;B;19.4998;22.8222;0;5.25;4;1;0;3;15.0;-82.0;4;1880.3153963332447;12000;64;0;10;0.0;1;1;16;5
AP_C;0;C;29.3295;3.2955;0;5.25;0;1;1;1;15.0;-82.0;4;6418.6284662409;12000;64;0;10;0.0;1;1;16;5
STA_C1;1;C;30.9053;5.4298;0;5.25;0;1;1;1;15.0;-82.0;4;6418.6284662409;12000;64;0;10;0.0;1;1;16;5
AP_D;0;D;27.737;16.6311;0;5.25;4;1;0;3;15.0;-82.0;4;5871.976287871317;12000;64;0;10;0.0;1;1;16;5
STA_D1;1;D;29.7757;12.0865;0;5.25;4;1;0;3;15.0;-82.0;4;5871.976287871317;12000;64;0;10;0.0;1;1;16;5
