node_code;node_type;wlan_code;x(m);y(m);z(m);central_freq (GHz);channel_bonding_model;primary_channel;min_channel_allowed;max_channel_allowed;tx_power(dBm);cca(dBm);traffic_model;traffic_load[pkt/s];pkt_size[bit];num_pkt_agg;capture_eff_mode;capture_eff_thr;constant_PER;PIFS_activated;CW_adaptation;CW;CW_stage
AP_A;0;A;15;15;0;5.25;4;0;0;3;15.0;-82.0;4;1666.6;12000;64;0;10;0.0;1;1;16;5
STA_A1;1;A;13.8735;18.7122;0;5.25;4;0;0;3;15.0;-82.0;4;1666.6;12000;64;0;10;0.0;1;1;16;5
AP_B;0;B;22.6972;2.3252;0;5.25;4;1;0;1;15.0;-82.0;4;7321.620215574804;12000;64;0;10;0.0;1;1;16;5
STA_B1;1;B;25.7186;-0.4287;0;5.25;4;1;0;1;15.0;-82.0;4;7321.620215574804;12000;64;0;10;0.0;1;1;16;5
AP_C;0;C;18.1711;29.4743;0;5.25;0;1;0;3;15.0;-82.0;4;4176.448186672669;12000;64;0;10;0.0;1;1;16;5
STA_C1;1;C;21.9764;32.3434;0;5.25;0;1;0;3;15.0;-82.0;4;4176.448186672669;12000;64;0;10;0.0;1;1;16;5
AP_D;0;D;28.1999;20.7572;0;5.25;4;2;0;3;15.0;-82.0;4;6123.040576548461;12000;64;0;10;0.0;1;1;16;5
STA_D1;1;D;30.8375;20.9058;0;5.25;4;2;0;3;15.0;-82.0;4;6123.040576548461;12000;64;0;10;0.0;1;1;16;5
