node_code;node_type;wlan_code;x(m);y(m);z(m);central_freq (GHz);channel_bonding_model;primary_channel;min_channel_allowed;max_channel_allowed;tx_power(dBm);cca(dBm);traffic_model;traffic_load[pkt/s];pkt_size[bit];num_pkt_agg;capture_eff_mode;capture_eff_thr;constant_PER;PIFS_activated;CW_adaptation;CW;CW_stage
AP_A;0;A;15;15;0;5.25;4;2;0;3;15.0;-82.0;4;833.3;12000;64;0;10;0.0;1;1;16;5
STA_A1;1;A;12.4198;11.3128;0;5.25;4;2;0;3;15.0;-82.0;4;833.3;12000;64;0;10;0.0;1;1;16;5
AP_B;0;B;25.8776;10.4724;0;5.25;0;3;3;3;15.0;-82.0;4;7281.847859245121;12000;64;0;10;0.0;1;1;16;5
STA_B1;1;B;26.2816;12.4878;0;5.25;0;3;3;3;15.0;-82.0;4;7281.847859245121;12000;64;0;10;0.0;1;1;16;5
AP_C;0;C;0.4438;16.1283;0;5.25;4;3;2;3;15.0;-82.0;4;5600.165609607997;12000;64;0;10;0.0;1;1;16;5
STA_C1;1;C;-0.8502;20.9034;0;5.25;4;3;2;3;15.0;-82.0;4;5600.165609607997;12000;64;0;10;0.0;1;1;16;5
AP_D;0;D;13.1966;29.3817;0;5.25;4;3;0;3;15.0;-82.0;4;6606.68885203454;12000;64;0;10;0.0;1;1;16;5
STA_D1;1;D;16.9669;28.4788;0;5.25;4;3;0;3;15.0;-82.0;4;6606.68885203454;12000;64;0;10;0.0;1;1;16;5
