node_code;node_type;wlan_code;x(m);y(m);z(m);central_freq (GHz);channel_bonding_model;primary_channel;min_channel_allowed;max_channel_allowed;tx_power(dBm);cca(dBm);traffic_model;traffic_load[pkt/s];pkt_size[bit];num_pkt_agg;capture_eff_mode;capture_eff_thr;constant_PER;PIFS_activated;CW_adaptation;CW;CW_stage
AP_A;0;A;15;15;0;5.25;4;3;0;3;15.0;-82.0;1;833.3;12000;64;0;10;0.0;1;1;16;5
STA_A1;1;A;11.7297;15.596;0;5.25;4;3;0;3;15.0;-82.0;1;833.3;12000;64;0;10;0.0;1;1;16;5
AP_B;0;B;19.2628;27.4035;0;5.25;4;2;0;3;15.0;-82.0;1;5818.559602180109;12000;64;0;10;0.0;1;1;16;5
STA_B1;1;B;18.2532;25.0348;0;5.25;4;2;0;3;15.0;-82.0;1;5818.559602180109;12000;64;0;10;0.0;1;1;16;5
AP_C;0;C;8.229;7.4753;0;5.25;4;3;0;3;15.0;-82.0;1;6216.95151372761;12000;64;0;10;0.0;1;1;16;5
STA_C1;1;C;6.0593;11.616;0;5.25;4;3;0;3;15.0;-82.0;1;6216.95151372761;12000;64;0;10;0.0;1;1;16;5
AP_D;0;D;17.6699;4.0181;0;5.25;4;0;0;3;15.0;-82.0;1;3471.753299357606;12000;64;0;10;0.0;1;1;16;5
STA_D1;1;D;19.5661;4.8646;0;5.25;4;0;0;3;15.0;-82.0;1;3471.753299357606;12000;64;0;10;0.0;1;1;16;5
