node_code;node_type;wlan_code;x(m);y(m);z(m);central_freq (GHz);channel_bonding_model;primary_channel;min_channel_allowed;max_channel_allowed;tx_power(dBm);cca(dBm);traffic_model;traffic_load[pkt/s];pkt_size[bit];num_pkt_agg;capture_eff_mode;capture_eff_thr;constant_PER;PIFS_activated;CW_adaptation;CW;CW_stage
AP_A;0;A;15;15;0;5.25;4;0;0;3;15.0;-82.0;4;4166.5;12000;64;0;10;0.0;1;1;16;5
STA_A1;1;A;19.3927;12.7561;0;5.25;4;0;0;3;15.0;-82.0;4;4166.5;12000;64;0;10;0.0;1;1;16;5
AP_B;0;B;6.1801;23.194;0;5.25;4;3;2;3;15.0;-82.0;4;3554.9614414044254;12000;64;0;10;0.0;1;1;16;5
STA_B1;1;B;3.7558;20.1762;0;5.25;4;3;2;3;15.0;-82.0;4;3554.9614414044254;12000;64;0;10;0.0;1;1;16;5
AP_C;0;C;17.9003;1.959;0;5.25;0;3;2;3;15.0;-82.0;4;8252.678748291079;12000;64;0;10;0.0;1;1;16;5
STA_C1;1;C;18.6832;-0.5119;0;5.25;0;3;2;3;15.0;-82.0;4;8252.678748291079;12000;64;0;10;0.0;1;1;16;5
AP_D;0;D;5.3457;8.6446;0;5.25;0;2;2;2;15.0;-82.0;4;2060.36660381814;12000;64;0;10;0.0;1;1;16;5
STA_D1;1;D;3.505;7.8171;0;5.25;0;2;2;2;15.0;-82.0;4;2060.36660381814;12000;64;0;10;0.0;1;1;16;5
