node_code;node_type;wlan_code;x(m);y(m);z(m);central_freq (GHz);channel_bonding_model;primary_channel;min_channel_allowed;max_channel_allowed;tx_power(dBm);cca(dBm);traffic_model;traffic_load[pkt/s];pkt_size[bit];num_pkt_agg;capture_eff_mode;capture_eff_thr;constant_PER;PIFS_activated;CW_adaptation;CW;CW_stage
AP_A;0;A;15;15;0;5.25;4;1;0;3;15.0;-82.0;1;4166.5;12000;64;0;10;0.0;1;1;16;5
STA_A1;1;A;18.658;16.8258;0;5.25;4;1;0;3;15.0;-82.0;1;4166.5;12000;64;0;10;0.0;1;1;16;5
AP_B;0;B;11.3852;2.0759;0;5.25;4;2;0;3;15.0;-82.0;1;7956.477679583538;12000;64;0;10;0.0;1;1;16;5
STA_B1;1;B;11.2267;5.429;0;5.25;4;2;0;3;15.0;-82.0;1;7956.477679583538;12000;64;0;10;0.0;1;1;16;5
AP_C;0;C;25.9044;0.0609;0;5.25;0;1;0;1;15.0;-82.0;1;6094.483245671187;12000;64;0;10;0.0;1;1;16;5
STA_C1;1;C;21.0476;0.8285;0;5.25;0;1;0;1;15.0;-82.0;1;6094.483245671187;12000;64;0;10;0.0;1;1;16;5
AP_D;0;D;27.64;10.3419;0;5.25;4;2;2;3;15.0;-82.0;1;7515.657360844302;12000;64;0;10;0.0;1;1;16;5
STA_D1;1;D;27.7852;14.9337;0;5.25;4;2;2;3;15.0;-82.0;1;7515.657360844302;12000;64;0;10;0.0;1;1;16;5
