node_code;node_type;wlan_code;x(m);y(m);z(m);central_freq (GHz);channel_bonding_model;primary_channel;min_channel_allowed;max_channel_allowed;tx_power(dBm);cca(dBm);traffic_model;traffic_load[pkt/s];pkt_size[bit];num_pkt_agg;capture_eff_mode;capture_eff_thr;constant_PER;PIFS_activated;CW_adaptation;CW;CW_stage
AP_A;0;A;15;15;0;5.25;4;3;0;3;15.0;-82.0;1;833.3;12000;64;0;10;0.0;1;1;16;5
STA_A1;1;A;17.3496;17.2605;0;5.25;4;3;0;3;15.0;-82.0;1;833.3;12000;64;0;10;0.0;1;1;16;5
AP_B;0;B;3.2744;12.2123;0;5.25;0;1;1;1;15.0;-82.0;1;2879.3959873918134;12000;64;0;10;0.0;1;1;16;5
STA_B1;1;B;8.0484;12.9759;0;5.25;0;1;1;1;15.0;-82.0;1;2879.3959873918134;12000;64;0;10;0.0;1;1;16;5
AP_C;0;C;6.0614;23.9776;0;5.25;4;0;0;1;15.0;-82.0;1;6528.7250741639455;12000;64;0;10;0.0;1;1;16;5
STA_C1;1;C;6.5454;19.1734;0;5.25;4;0;0;1;15.0;-82.0;1;6528.7250741639455;12000;64;0;10;0.0;1;1;16;5
AP_D;0;D;16.8864;2.3353;0;5.25;0;1;1;1;15.0;-82.0;1;7701.857926431759;12000;64;0;10;0.0;1;1;16;5
STA_D1;1;D;13.7504;3.7736;0;5.25;0;1;1;1;15.0;-82.0;1;7701.857926431759;12000;64;0;10;0.0;1;1;16;5
