node_code;node_type;wlan_code;x(m);y(m);z(m);central_freq (GHz);channel_bonding_model;primary_channel;min_channel_allowed;max_channel_allowed;tx_power(dBm);cca(dBm);traffic_model;traffic_load[pkt/s];pkt_size[bit];num_pkt_agg;capture_eff_mode;capture_eff_thr;constant_PER;PIFS_activated;CW_adaptation;CW;CW_stage
AP_A;0;A;15;15;0;5.25;4;1;0;3;15.0;-82.0;4;833.3;12000;64;0;10;0.0;1;1;16;5
STA_A1;1;A;13.1956;16.9123;0;5.25;4;1;0;3;15.0;-82.0;4;833.3;12000;64;0;10;0.0;1;1;16;5
AP_B;0;B;27.2271;6.8732;0;5.25;4;1;0;1;15.0;-82.0;4;1751.9373170344425;12000;64;0;10;0.0;1;1;16;5
STA_B1;1;B;26.9904;3.8769;0;5.25;4;1;0;1;15.0;-82.0;4;1751.9373170344425;12000;64;0;10;0.0;1;1;16;5
AP_C;0;C;26.7241;28.5734;0;5.25;4;2;0;3;15.0;-82.0;4;2894.82190055072;12000;64;0;10;0.0;1;1;16;5
STA_C1;1;C;23.5598;29.4743;0;5.25;4;2;0;3;15.0;-82.0;4;2894.82190055072;12000;64;0;10;0.0;1;1;16;5
AP_D;0;D;10.7895;28.7959;0;5.25;4;2;2;2;15.0;-82.0;4;5817.943484911616;12000;64;0;10;0.0;1;1;16;5
STA_D1;1;D;8.5401;26.3516;0;5.25;4;2;2;2;15.0;-82.0;4;5817.943484911616;12000;64;0;10;0.0;1;1;16;5
