node_code;node_type;wlan_code;x(m);y(m);z(m);central_freq (GHz);channel_bonding_model;primary_channel;min_channel_allowed;max_channel_allowed;tx_power(dBm);cca(dBm);traffic_model;traffic_load[pkt/s];pkt_size[bit];num_pkt_agg;capture_eff_mode;capture_eff_thr;constant_PER;PIFS_activated;CW_adaptation;CW;CW_stage
AP_A;0;A;15;15;0;5.25;4;0;0;3;15.0;-82.0;1;4166.5;12000;64;0;10;0.0;1;1;16;5
STA_A1;1;A;13.2973;12.2968;0;5.25;4;0;0;3;15.0;-82.0;1;4166.5;12000;64;0;10;0.0;1;1;16;5
AP_B;0;B;12.2232;0.0642;0;5.25;4;3;3;3;15.0;-82.0;1;2327.5230753432356;12000;64;0;10;0.0;1;1;16;5
STA_B1;1;B;15.4473;-3.0514;0;5.25;4;3;3;3;15.0;-82.0;1;2327.5230753432356;12000;64;0;10;0.0;1;1;16;5
AP_C;0;C;11.1281;28.6215;0;5.25;0;0;0;0;15.0;-82.0;1;6093.630618781354;12000;64;0;10;0.0;1;1;16;5
STA_C1;1;C;6.9444;26.1138;0;5.25;0;0;0;0;15.0;-82.0;1;6093.630618781354;12000;64;0;10;0.0;1;1;16;5
AP_D;0;D;26.7895;16.9335;0;5.25;0;0;0;3;15.0;-82.0;1;6060.545749037549;12000;64;0;10;0.0;1;1;16;5
STA_D1;1;D;24.9647;20.4551;0;5.25;0;0;0;3;15.0;-82.0;1;6060.545749037549;12000;64;0;10;0.0;1;1;16;5
