node_code;node_type;wlan_code;x(m);y(m);z(m);central_freq (GHz);channel_bonding_model;primary_channel;min_channel_allowed;max_channel_allowed;tx_power(dBm);cca(dBm);traffic_model;traffic_load[pkt/s];pkt_size[bit];num_pkt_agg;capture_eff_mode;capture_eff_thr;constant_PER;PIFS_activated;CW_adaptation;CW;CW_stage
AP_A;0;A;15;15;0;5.25;4;3;0;3;15.0;-82.0;4;4166.5;12000;64;0;10;0.0;1;1;16;5
STA_A1;1;A;13.2476;18.1233;0;5.25;4;3;0;3;15.0;-82.0;4;4166.5;12000;64;0;10;0.0;1;1;16;5
AP_B;0;B;4.8222;12.8599;0;5.25;4;1;0;1;15.0;-82.0;4;2767.617561011866;12000;64;0;10;0.0;1;1;16;5
STA_B1;1;B;8.493;13.5509;0;5.25;4;1;0;1;15.0;-82.0;4;2767.617561011866;12000;64;0;10;0.0;1;1;16;5
AP_C;0;C;22.8147;0.2393;0;5.25;0;0;0;0;15.0;-82.0;4;6130.152822474232;12000;64;0;10;0.0;1;1;16;5
STA_C1;1;C;24.5007;4.1871;0;5.25;0;0;0;0;15.0;-82.0;4;6130.152822474232;12000;64;0;10;0.0;1;1;16;5
AP_D;0;D;11.7462;25.6885;0;5.25;4;2;0;3;15.0;-82.0;4;7895.644726303437;12000;64;0;10;0.0;1;1;16;5
STA_D1;1;D;15.5667;26.729;0;5.25;4;2;0;3;15.0;-82.0;4;7895.644726303437;12000;64;0;10;0.0;1;1;16;5
