node_code;node_type;wlan_code;x(m);y(m);z(m);central_freq (GHz);channel_bonding_model;primary_channel;min_channel_allowed;max_channel_allowed;tx_power(dBm);cca(dBm);traffic_model;traffic_load[pkt/s];pkt_size[bit];num_pkt_agg;capture_eff_mode;capture_eff_thr;constant_PER;PIFS_activated;CW_adaptation;CW;CW_stage
AP_A;0;A;15;15;0;5.25;4;3;0;3;15.0;-82.0;1;4166.5;12000;64;0;10;0.0;1;1;16;5
STA_A1;1;A;12.0453;15.3889;0;5.25;4;3;0;3;15.0;-82.0;1;4166.5;12000;64;0;10;0.0;1;1;16;5
AP_B;0;B;0.8577;1.7073;0;5.25;4;3;2;3;15.0;-82.0;1;1455.7899202569847;12000;64;0;10;0.0;1;1;16;5
STA_B1;1;B;2.675;3.8925;0;5.25;4;3;2;3;15.0;-82.0;1;1455.7899202569847;12000;64;0;10;0.0;1;1;16;5
AP_C;0;C;22.8174;28.1182;0;5.25;4;0;0;1;15.0;-82.0;1;835.4072060440704;12000;64;0;10;0.0;1;1;16;5
STA_C1;1;C;23.1796;32.405;0;5.25;4;0;0;1;15.0;-82.0;1;835.4072060440704;12000;64;0;10;0.0;1;1;16;5
AP_D;0;D;28.0042;15.5626;0;5.25;0;3;3;3;15.0;-82.0;1;5083.701513141488;12000;64;0;10;0.0;1;1;16;5
STA_D1;1;D;32.4782;16.2854;0;5.25;0;3;3;3;15.0;-82.0;1;5083.701513141488;12000;64;0;10;0.0;1;1;16;5
