node_code;node_type;wlan_code;x(m);y(m);z(m);central_freq (GHz);channel_bonding_model;primary_channel;min_channel_allowed;max_channel_allowed;tx_power(dBm);cca(dBm);traffic_model;traffic_load[pkt/s];pkt_size[bit];num_pkt_agg;capture_eff_mode;capture_eff_thr;constant_PER;PIFS_activated;CW_adaptation;CW;CW_stage
AP_A;0;A;15;15;0;5.25;4;1;0;3;15.0;-82.0;1;4166.5;12000;64;0;10;0.0;1;1;16;5
STA_A1;1;A;14.6045;10.7238;0;5.25;4;1;0;3;15.0;-82.0;1;4166.5;12000;64;0;10;0.0;1;1;16;5
AP_B;0;B;5.5387;25.9095;0;5.25;4;0;0;1;15.0;-82.0;1;3450.622137508508;12000;64;0;10;0.0;1;1;16;5
STA_B1;1;B;9.4479;27.5109;0;5.25;4;0;0;1;15.0;-82.0;1;3450.622137508508;12000;64;0;10;0.0;1;1;16;5
AP_C;0;C;12.1537;0.3714;0;5.25;4;1;0;3;15.0;-82.0;1;2822.119438621297;12000;64;0;10;0.0;1;1;16;5
STA_C1;1;C;8.3378;-0.9894;0;5.25;4;1;0;3;15.0;-82.0;1;2822.119438621297;12000;64;0;10;0.0;1;1;16;5
AP_D;0;D;1.5928;3.7202;0;5.25;4;3;2;3;15.0;-82.0;1;6493.604840409477;12000;64;0;10;0.0;1;1;16;5
STA_D1;1;D;4.9322;0.1758;0;5.25;4;3;2;3;15.0;-82.0;1;6493.604840409477;12000;64;0;10;0.0;1;1;16;5
