node_code;node_type;wlan_code;x(m);y(m);z(m);central_freq (GHz);channel_bonding_model;primary_channel;min_channel_allowed;max_channel_allowed;tx_power(dBm);cca(dBm);traffic_model;traffic_load[pkt/s];pkt_size[bit];num_pkt_agg;capture_eff_mode;capture_eff_thr;constant_PER;PIFS_activated;CW_adaptation;CW;CW_stage
AP_A;0;A;15;15;0;5.25;4;1;0;3;15.0;-82.0;1;833.3;12000;64;0;10;0.0;1;1;16;5
STA_A1;1;A;16.3232;10.2783;0;5.25;4;1;0;3;15.0;-82.0;1;833.3;12000;64;0;10;0.0;1;1;16;5
AP_B;0;B;26.7605;29.6406;0;5.25;4;2;0;3;15.0;-82.0;1;2814.741736825765;12000;64;0;10;0.0;1;1;16;5
STA_B1;1;B;29.5202;33.7989;0;5.25;4;2;0;3;15.0;-82.0;1;2814.741736825765;12000;64;0;10;0.0;1;1;16;5
AP_C;0;C;26.484;19.1998;0;5.25;4;0;0;3;15.0;-82.0;1;7848.429160739809;12000;64;0;10;0.0;1;1;16;5
STA_C1;1;C;28.964;19.2149;0;5.25;4;0;0;3;15.0;-82.0;1;7848.429160739809;12000;64;0;10;0.0;1;1;16;5
AP_D;0;D;0.7042;2.6156;0;5.25;4;1;0;1;15.0;-82.0;1;1431.0977832225317;12000;64;0;10;0.0;1;1;16;5
STA_D1;1;D;-1.8323;1.0089;0;5.25;4;1;0;1;15.0;-82.0;1;1431.0977832225317;12000;64;0;10;0.0;1;1;16;5
