node_code;node_type;wlan_code;x(m);y(m);z(m);central_freq (GHz);channel_bonding_model;primary_channel;min_channel_allowed;max_channel_allowed;tx_power(dBm);cca(dBm);traffic_model;traffic_load[pkt/s];pkt_size[bit];num_pkt_agg;capture_eff_mode;capture_eff_thr;constant_PER;PIFS_activated;CW_adaptation;CW;CW_stage
AP_A;0;A;15;15;0;5.25;4;3;0;3;15.0;-82.0;1;1666.6;12000;64;0;10;0.0;1;1;16;5
STA_A1;1;A;13.1624;17.6605;0;5.25;4;3;0;3;15.0;-82.0;1;1666.6;12000;64;0;10;0.0;1;1;16;5
AP_B;0;B;2.3286;23.1532;0;5.25;0;0;0;0;15.0;-82.0;1;7875.088421525541;12000;64;0;10;0.0;1;1;16;5
STA_B1;1;B;5.0779;24.8014;0;5.25;0;0;0;0;15.0;-82.0;1;7875.088421525541;12000;64;0;10;0.0;1;1;16;5
AP_C;0;C;22.3944;28.1334;0;5.25;0;1;0;1;15.0;-82.0;1;5215.642323453771;12000;64;0;10;0.0;1;1;16;5
STA_C1;1;C;20.6383;28.4838;0;5.25;0;1;0;1;15.0;-82.0;1;5215.642323453771;12000;64;0;10;0.0;1;1;16;5
AP_D;0;D;27.6531;12.5902;0;5.25;0;2;0;3;15.0;-82.0;1;4380.982567122749;12000;64;0;10;0.0;1;1;16;5
STA_D1;1;D;24.5074;13.488;0;5.25;0;2;0;3;15.0;-82.0;1;4380.982567122749;12000;64;0;10;0.0;1;1;16;5
