node_code;node_type;wlan_code;x(m);y(m);z(m);central_freq (GHz);channel_bonding_model;primary_channel;min_channel_allowed;max_channel_allowed;tx_power(dBm);cca(dBm);traffic_model;traffic_load[pkt/s];pkt_size[bit];num_pkt_agg;capture_eff_mode;capture_eff_thr;constant_PER;PIFS_activated;CW_adaptation;CW;CW_stage
AP_A;0;A;15;15;0;5.25;4;3;0;3;15.0;-82.0;4;8333.0;12000;64;0;10;0.0;1;1;16;5
STA_A1;1;A;18.0628;18.3881;0;5.25;4;3;0;3;15.0;-82.0;4;8333.0;12000;64;0;10;0.0;1;1;16;5
AP_B;0;B;5.0268;17.437;0;5.25;4;3;3;3;15.0;-82.0;4;1630.108496340707;12000;64;0;10;0.0;1;1;16;5
STA_B1;1;B;1.6341;16.1819;0;5.25;4;3;3;3;15.0;-82.0;4;1630.108496340707;12000;64;0;10;0.0;1;1;16;5
AP_C;0;C;4.3173;3.4124;0;5.25;4;1;0;3;15.0;-82.0;4;5738.221802821178;12000;64;0;10;0.0;1;1;16;5
STA_C1;1;C;7.0832;1.1792;0;5.25;4;1;0;3;15.0;-82.0;4;5738.221802821178;12000;64;0;10;0.0;1;1;16;5
AP_D;0;D;26.5418;20.5653;0;5.25;0;0;0;0;15.0;-82.0;4;1027.3785873271236;12000;64;0;10;0.0;1;1;16;5
STA_D1;1;D;28.0097;18.8056;0;5.25;0;0;0;0;15.0;-82.0;4;1027.3785873271236;12000;64;0;10;0.0;1;1;16;5
