node_code;node_type;wlan_code;x(m);y(m);z(m);central_freq (GHz);channel_bonding_model;primary_channel;min_channel_allowed;max_channel_allowed;tx_power(dBm);cca(dBm);traffic_model;traffic_load[pkt/s];pkt_size[bit];num_pkt_agg;capture_eff_mode;capture_eff_thr;constant_PER;PIFS_activated;CW_adaptation;CW;CW_stage
AP_A;0;A;15;15;0;5.25;4;2;0;3;15.0;-82.0;1;8333.0;12000;64;0;10;0.0;1;1;16;5
STA_A1;1;A;14.3842;12.4749;0;5.25;4;2;0;3;15.0;-82.0;1;8333.0;12000;64;0;10;0.0;1;1;16;5
AP_B;0;B;0.2656;3.9205;0;5.25;0;2;2;3;15.0;-82.0;1;8094.072042467173;12000;64;0;10;0.0;1;1;16;5
STA_B1;1;B;-1.0115;7.606;0;5.25;0;2;2;3;15.0;-82.0;1;8094.072042467173;12000;64;0;10;0.0;1;1;16;5
AP_C;0;C;19.1491;24.55;0;5.25;0;3;0;3;15.0;-82.0;1;2396.2884323223743;12000;64;0;10;0.0;1;1;16;5
STA_C1;1;C;22.2704;23.0115;0;5.25;0;3;0;3;15.0;-82.0;1;2396.2884323223743;12000;64;0;10;0.0;1;1;16;5
AP_D;0;D;29.6715;7.0935;0;5.25;4;0;0;0;15.0;-82.0;1;4361.71709131934;12000;64;0;10;0.0;1;1;16;5
STA_D1;1;D;26.4741;9.6744;0;5.25;4;0;0;0;15.0;-82.0;1;4361.71709131934;12000;64;0;10;0.0;1;1;16;5
