node_code;node_type;wlan_code;x(m);y(m);z(m);central_freq (GHz);channel_bonding_model;primary_channel;min_channel_allowed;max_channel_allowed;tx_power(dBm);cca(dBm);traffic_model;traffic_load[pkt/s];pkt_size[bit];num_pkt_agg;capture_eff_mode;capture_eff_thr;constant_PER;PIFS_activated;CW_adaptation;CW;CW_stage
AP_A;0;A;15;15;0;5.25;4;2;0;3;15.0;-82.0;1;1666.6;12000;64;0;10;0.0;1;1;16;5
STA_A1;1;A;18.1089;16.9249;0;5.25;4;2;0;3;15.0;-82.0;1;1666.6;12000;64;0;10;0.0;1;1;16;5
AP_B;0;B;26.1608;26.1531;0;5.25;0;2;0;3;15.0;-82.0;1;1035.121661026832;12000;64;0;10;0.0;1;1;16;5
STA_B1;1;B;29.9715;28.5179;0;5.25;0;2;0;3;15.0;-82.0;1;1035.121661026832;12000;64;0;10;0.0;1;1;16;5
AP_C;0;C;6.7741;6.0221;0;5.25;4;0;0;1;15.0;-82.0;1;5383.837986554636;12000;64;0;10;0.0;1;1;16;5
STA_C1;1;C;8.2771;9.4482;0;5.25;4;0;0;1;15.0;-82.0;1;5383.837986554636;12000;64;0;10;0.0;1;1;16;5
AP_D;0;D;9.5245;26.1783;0;5.25;0;1;0;1;15.0;-82.0;1;5308.219003150142;12000;64;0;10;0.0;1;1;16;5
STA_D1;1;D;12.3125;24.7847;0;5.25;0;1;0;1;15.0;-82.0;1;5308.219003150142;12000;64;0;10;0.0;1;1;16;5
