node_code;node_type;wlan_code;x(m);y(m);z(m);central_freq (GHz);channel_bonding_model;primary_channel;min_channel_allowed;max_channel_allowed;tx_power(dBm);cca(dBm);traffic_model;traffic_load[pkt/s];pkt_size[bit];num_pkt_agg;capture_eff_mode;capture_eff_thr;constant_PER;PIFS_activated;CW_adaptation;CW;CW_stage
AP_A;0;A;15;15;0;5.25;4;1;0;3;15.0;-82.0;1;8333.0;12000;64;0;10;0.0;1;1;16;5
STA_A1;1;A;14.6855;18.1605;0;5.25;4;1;0;3;15.0;-82.0;1;8333.0;12000;64;0;10;0.0;1;1;16;5
AP_B;0;B;28.9091;6.4398;0;5.25;4;0;0;1;15.0;-82.0;1;2693.171026763702;12000;64;0;10;0.0;1;1;16;5
STA_B1;1;B;26.5328;2.7303;0;5.25;4;0;0;1;15.0;-82.0;1;2693.171026763702;12000;64;0;10;0.0;1;1;16;5
AP_C;0;C;2.3502;2.9231;0;5.25;0;2;2;3;15.0;-82.0;1;2423.8159064656393;12000;64;0;10;0.0;1;1;16;5
STA_C1;1;C;-0.9343;0.6096;0;5.25;0;2;2;3;15.0;-82.0;1;2423.8159064656393;12000;64;0;10;0.0;1;1;16;5
AP_D;0;D;16.8171;27.5662;0;5.25;4;2;0;3;15.0;-82.0;1;3656.443760757592;12000;64;0;10;0.0;1;1;16;5
STA_D1;1;D;17.191;32.5519;0;5.25;4;2;0;3;15.0;-82.0;1;3656.443760757592;12000;64;0;10;0.0;1;1;16;5
