node_code;node_type;wlan_code;x(m);y(m);z(m);central_freq (GHz);channel_bonding_model;primary_channel;min_channel_allowed;max_channel_allowed;tx_power(dBm);cca(dBm);traffic_model;traffic_load[pkt/s];pkt_size[bit];num_pkt_agg;capture_eff_mode;capture_eff_thr;constant_PER;PIFS_activated;CW_adaptation;CW;CW_stage
AP_A;0;A;15;15;0;5.25;4;2;0;3;15.0;-82.0;4;1666.6;12000;64;0;10;0.0;1;1;16;5
STA_A1;1;A;13.4967;16.1884;0;5.25;4;2;0;3;15.0;-82.0;4;1666.6;12000;64;0;10;0.0;1;1;16;5
AP_B;0;B;27.6147;12.4469;0;5.25;0;2;2;3;15.0;-82.0;4;6128.32715205768;12000;64;0;10;0.0;1;1;16;5
STA_B1;1;B;23.6318;15.2949;0;5.25;0;2;2;3;15.0;-82.0;4;6128.32715205768;12000;64;0;10;0.0;1;1;16;5
AP_C;0;C;1.5276;28.2649;0;5.25;0;0;0;1;15.0;-82.0;4;5214.864075054554;12000;64;0;10;0.0;1;1;16;5
STA_C1;1;C;-1.0782;24.4083;0;5.25;0;0;0;1;15.0;-82.0;4;5214.864075054554;12000;64;0;10;0.0;1;1;16;5
AP_D;0;D;5.6384;6.4004;0;5.25;4;1;1;1;15.0;-82.0;4;4722.627081692501;12000;64;0;10;0.0;1;1;16;5
STA_D1;1;D;9.6851;3.5068;0;5.25;4;1;1;1;15.0;-82.0;4;4722.627081692501;12000;64;0;10;0.0;1;1;16;5
