node_code;node_type;wlan_code;x(m);y(m);z(m);central_freq (GHz);channel_bonding_model;primary_channel;min_channel_allowed;max_channel_allowed;tx_power(dBm);cca(dBm);traffic_model;traffic_load[pkt/s];pkt_size[bit];num_pkt_agg;capture_eff_mode;capture_eff_thr;constant_PER;PIFS_activated;CW_adaptation;CW;CW_stage
AP_A;0;A;15;15;0;5.25;4;0;0;3;15.0;-82.0;1;1666.6;12000;64;0;10;0.0;1;1;16;5
STA_A1;1;A;19.6716;13.6837;0;5.25;4;0;0;3;15.0;-82.0;1;1666.6;12000;64;0;10;0.0;1;1;16;5
AP_B;0;B;28.0658;3.0759;0;5.25;0;0;0;0;15.0;-82.0;1;2461.5164414391443;12000;64;0;10;0.0;1;1;16;5
STA_B1;1;B;25.2041;-0.5118;0;5.25;0;0;0;0;15.0;-82.0;1;2461.5164414391443;12000;64;0;10;0.0;1;1;16;5
AP_C;0;C;1.2248;19.2126;0;5.25;4;2;0;3;15.0;-82.0;1;1412.7787050052186;12000;64;0;10;0.0;1;1;16;5
STA_C1;1;C;0.325;17.6972;0;5.25;4;2;0;3;15.0;-82.0;1;1412.7787050052186;12000;64;0;10;0.0;1;1;16;5
AP_D;0;D;28.7751;14.7363;0;5.25;0;1;1;1;15.0;-82.0;1;1757.9041446402089;12000;64;0;10;0.0;1;1;16;5
STA_D1;1;D;27.5494;12.4201;0;5.25;0;1;1;1;15.0;-82.0;1;1757.9041446402089;12000;64;0;10;0.0;1;1;16;5
