node_code;node_type;wlan_code;x(m);y(m);z(m);central_freq (GHz);channel_bonding_model;primary_channel;min_channel_allowed;max_channel_allowed;tx_power(dBm);cca(dBm);traffic_model;traffic_load[pkt/s];pkt_size[bit];num_pkt_agg;capture_eff_mode;capture_eff_thr;constant_PER;PIFS_activated;CW_adaptation;CW;CW_stage
AP_A;0;A;15;15;0;5.25;4;1;0;3;15.0;-82.0;1;8333.0;12000;64;0;10;0.0;1;1;16;5
STA_A1;1;A;14.8556;18.6898;0;5.25;4;1;0;3;15.0;-82.0;1;8333.0;12000;64;0;10;0.0;1;1;16;5
AP_B;0;B;15.1846;4.1424;0;5.25;0;1;0;3;15.0;-82.0;1;1791.7948806952775;12000;64;0;10;0.0;1;1;16;5
STA_B1;1;B;14.9444;8.4834;0;5.25;0;1;0;3;15.0;-82.0;1;1791.7948806952775;12000;64;0;10;0.0;1;1;16;5
AP_C;0;C;5.0636;11.7416;0;5.25;0;2;2;2;15.0;-82.0;1;7463.425817207959;12000;64;0;10;0.0;1;1;16;5
STA_C1;1;C;8.0726;14.0409;0;5.25;0;2;2;2;15.0;-82.0;1;7463.425817207959;12000;64;0;10;0.0;1;1;16;5
AP_D;0;D;4.0015;25.406;0;5.25;4;2;0;3;15.0;-82.0;1;5863.993523550452;12000;64;0;10;0.0;1;1;16;5
STA_D1;1;D;7.9331;26.4791;0;5.25;4;2;0;3;15.0;-82.0;1;5863.993523550452;12000;64;0;10;0.0;1;1;16;5
