node_code;node_type;wlan_code;x(m);y(m);z(m);central_freq (GHz);channel_bonding_model;primary_channel;min_channel_allowed;max_channel_allowed;tx_power(dBm);cca(dBm);traffic_model;traffic_load[pkt/s];pkt_size[bit];num_pkt_agg;capture_eff_mode;capture_eff_thr;constant_PER;PIFS_activated;CW_adaptation;CW;CW_stage
AP_A;0;A;15;15;0;5.25;4;3;0;3;15.0;-82.0;4;1666.6;12000;64;0;10;0.0;1;1;16;5
STA_A1;1;A;12.5321;14.5953;0;5.25;4;3;0;3;15.0;-82.0;4;1666.6;12000;64;0;10;0.0;1;1;16;5
AP_B;0;B;6.0808;7.7015;0;5.25;4;2;0;3;15.0;-82.0;4;1324.7181965000345;12000;64;0;10;0.0;1;1;16;5
STA_B1;1;B;4.9461;11.0692;0;5.25;4;2;0;3;15.0;-82.0;4;1324.7181965000345;12000;64;0;10;0.0;1;1;16;5
AP_C;0;C;28.5129;12.7538;0;5.25;4;0;0;1;15.0;-82.0;4;2947.8695668121763;12000;64;0;10;0.0;1;1;16;5
STA_C1;1;C;31.4709;13.2817;0;5.25;4;0;0;1;15.0;-82.0;4;2947.8695668121763;12000;64;0;10;0.0;1;1;16;5
AP_D;0;D;2.2074;22.682;0;5.25;0;0;0;1;15.0;-82.0;4;5150.859274621975;12000;64;0;10;0.0;1;1;16;5
STA_D1;1;D;6.9648;22.0849;0;5.25;0;0;0;1;15.0;-82.0;4;5150.859274621975;12000;64;0;10;0.0;1;1;16;5
