node_code;node_type;wlan_code;x(m);y(m);z(m);central_freq (GHz);channel_bonding_model;primary_channel;min_channel_allowed;max_channel_allowed;tx_power(dBm);cca(dBm);traffic_model;traffic_load[pkt/s];pkt_size[bit];num_pkt_agg;capture_eff_mode;capture_eff_thr;constant_PER;PIFS_activated;CW_adaptation;CW;CW_stage
AP_A;0;A;15;15;0;5.25;4;0;0;3;15.0;-82.0;4;1666.6;12000;64;0;10;0.0;1;1;16;5
STA_A1;1;A;14.9921;11.3709;0;5.25;4;0;0;3;15.0;-82.0;4;1666.6;12000;64;0;10;0.0;1;1;16;5
AP_B;0;B;27.7848;8.8608;0;5.25;4;0;0;1;15.0;-82.0;4;6467.849109830312;12000;64;0;10;0.0;1;1;16;5
STA_B1;1;B;30.6927;10.1796;0;5.25;4;0;0;1;15.0;-82.0;4;6467.849109830312;12000;64;0;10;0.0;1;1;16;5
AP_C;0;C;0.2466;9.4268;0;5.25;0;2;2;3;15.0;-82.0;4;3190.6256784900725;12000;64;0;10;0.0;1;1;16;5
STA_C1;1;C;2.7141;12.707;0;5.25;0;2;2;3;15.0;-82.0;4;3190.6256784900725;12000;64;0;10;0.0;1;1;16;5
AP_D;0;D;3.5142;19.8108;0;5.25;0;1;0;3;15.0;-82.0;4;2350.5188676800362;12000;64;0;10;0.0;1;1;16;5
STA_D1;1;D;5.9419;17.4828;0;5.25;0;1;0;3;15.0;-82.0;4;2350.5188676800362;12000;64;0;10;0.0;1;1;16;5
