node_code;node_type;wlan_code;x(m);y(m);z(m);central_freq (GHz);channel_bonding_model;primary_channel;min_channel_allowed;max_channel_allowed;tx_power(dBm);cca(dBm);traffic_model;traffic_load[pkt/s];pkt_size[bit];num_pkt_agg;capture_eff_mode;capture_eff_thr;constant_PER;PIFS_activated;CW_adaptation;CW;CW_stage
AP_A;0;A;15;15;0;5.25;4;3;0;3;15.0;-82.0;1;4166.5;12000;64;0;10;0.0;1;1;16;5
STA_A1;1;A;15.1395;12.3021;0;5.25;4;3;0;3;15.0;-82.0;1;4166.5;12000;64;0;10;0.0;1;1;16;5
AP_B;0;B;2.504;29.3884;0;5.25;0;0;0;3;15.0;-82.0;1;7689.79688224047;12000;64;0;10;0.0;1;1;16;5
STA_B1;1;B;-0.5121;27.8421;0;5.25;0;0;0;3;15.0;-82.0;1;7689.79688224047;12000;64;0;10;0.0;1;1;16;5
AP_C;0;C;5.1035;5.723;0;5.25;4;3;2;3;15.0;-82.0;1;1037.616236061708;12000;64;0;10;0.0;1;1;16;5
STA_C1;1;C;1.7351;4.9999;0;5.25;4;3;2;3;15.0;-82.0;1;1037.616236061708;12000;64;0;10;0.0;1;1;16;5
AP_D;0;D;27.5566;27.6394;0;5.25;0;0;0;0;15.0;-82.0;1;3122.3266694985523;12000;64;0;10;0.0;1;1;16;5
STA_D1;1;D;31.67;28.9807;0;5.25;0;0;0;0;15.0;-82.0;1;3122.3266694985523;12000;64;0;10;0.0;1;1;16;5
