node_code;node_type;wlan_code;x(m);y(m);z(m);central_freq (GHz);channel_bonding_model;primary_channel;min_channel_allowed;max_channel_allowed;tx_power(dBm);cca(dBm);traffic_model;traffic_load[pkt/s];pkt_size[bit];num_pkt_agg;capture_eff_mode;capture_eff_thr;constant_PER;PIFS_activated;CW_adaptation;CW;CW_stage
AP_A;0;A;15;15;0;5.25;4;2;0;3;15.0;-82.0;1;1666.6;12000;64;0;10;0.0;1;1;16;5
STA_A1;1;A;12.8995;16.1313;0;5.25;4;2;0;3;15.0;-82.0;1;1666.6;12000;64;0;10;0.0;1;1;16;5
AP_B;0;B;1.037;2.0372;0;5.25;0;0;0;0;15.0;-82.0;1;7968.82164481413;12000;64;0;10;0.0;1;1;16;5
STA_B1;1;B;-0.2968;3.3144;0;5.25;0;0;0;0;15.0;-82.0;1;7968.82164481413;12000;64;0;10;0.0;1;1;16;5
AP_C;0;C;18.2647;4.6888;0;5.25;4;1;0;3;15.0;-82.0;1;2167.6941688514826;12000;64;0;10;0.0;1;1;16;5
STA_C1;1;C;18.0254;1.3907;0;5.25;4;1;0;3;15.0;-82.0;1;2167.6941688514826;12000;64;0;10;0.0;1;1;16;5
AP_D;0;D;22.8949;27.0019;0;5.25;0;1;0;1;15.0;-82.0;1;7044.126651925783;12000;64;0;10;0.0;1;1;16;5
STA_D1;1;D;22.2278;30.9897;0;5.25;0;1;0;1;15.0;-82.0;1;7044.126651925783;12000;64;0;10;0.0;1;1;16;5
