node_code;node_type;wlan_code;x(m);y(m);z(m);central_freq (GHz);channel_bonding_model;primary_channel;min_channel_allowed;max_channel_allowed;tx_power(dBm);cca(dBm);traffic_model;traffic_load[pkt/s];pkt_size[bit];num_pkt_agg;capture_eff_mode;capture_eff_thr;constant_PER;PIFS_activated;CW_adaptation;CW;CW_stage
AP_A;0;A;15;15;0;5.25;4;1;0;3;15.0;-82.0;1;1666.6;12000;64;0;10;0.0;1;1;16;5
STA_A1;1;A;11.2396;17.2172;0;5.25;4;1;0;3;15.0;-82.0;1;1666.6;12000;64;0;10;0.0;1;1;16;5
AP_B;0;B;4.3518;22.7414;0;5.25;0;1;0;1;15.0;-82.0;1;4339.568772445377;12000;64;0;10;0.0;1;1;16;5
STA_B1;1;B;-0.1457;24.7631;0;5.25;0;1;0;1;15.0;-82.0;1;4339.568772445377;12000;64;0;10;0.0;1;1;16;5
AP_C;0;C;18.21;25.1857;0;5.25;4;1;0;1;15.0;-82.0;1;8206.382725987145;12000;64;0;10;0.0;1;1;16;5
STA_C1;1;C;15.7645;24.6987;0;5.25;4;1;0;1;15.0;-82.0;1;8206.382725987145;12000;64;0;10;0.0;1;1;16;5
AP_D;0;D;18.6275;2.0346;0;5.25;4;2;2;2;15.0;-82.0;1;888.6824648927278;12000;64;0;10;0.0;1;1;16;5
STA_D1;1;D;15.5282;5.4084;0;5.25;4;2;2;2;15.0;-82.0;1;888.6824648927278;12000;64;0;10;0.0;1;1;16;5
