node_code;node_type;wlan_code;x(m);y(m);z(m);central_freq (GHz);channel_bonding_model;primary_channel;min_channel_allowed;max_channel_allowed;tx_power(dBm);cca(dBm);traffic_model;traffic_load[pkt/s];pkt_size[bit];num_pkt_agg;capture_eff_mode;capture_eff_thr;constant_PER;PIFS_activated;CW_adaptation;CW;CW_stage
AP_A;0;A;15;15;0;5.25;4;3;0;3;15.0;-82.0;4;4166.5;12000;64;0;10;0.0;1;1;16;5
STA_A1;1;A;16.7183;16.9573;0;5.25;4;3;0;3;15.0;-82.0;4;4166.5;12000;64;0;10;0.0;1;1;16;5
AP_B;0;B;26.8054;24.6641;0;5.25;0;0;0;3;15.0;-82.0;4;8002.262031366287;12000;64;0;10;0.0;1;1;16;5
STA_B1;1;B;30.3702;25.639;0;5.25;0;0;0;3;15.0;-82.0;4;8002.262031366287;12000;64;0;10;0.0;1;1;16;5
AP_C;0;C;25.4584;14.0032;0;5.25;4;1;0;3;15.0;-82.0;4;3119.525337679883;12000;64;0;10;0.0;1;1;16;5
STA_C1;1;C;27.893;16.2001;0;5.25;4;1;0;3;15.0;-82.0;4;3119.525337679883;12000;64;0;10;0.0;1;1;16;5
AP_D;0;D;8.6583;1.5846;0;5.25;0;0;0;3;15.0;-82.0;4;2110.696758244021;12000;64;0;10;0.0;1;1;16;5
STA_D1;1;D;11.0721;-2.5187;0;5.25;0;0;0;3;15.0;-82.0;4;2110.696758244021;12000;64;0;10;0.0;1;1;16;5
