node_code;node_type;wlan_code;x(m);y(m);z(m);central_freq (GHz);channel_bonding_model;primary_channel;min_channel_allowed;max_channel_allowed;tx_power(dBm);cca(dBm);traffic_model;traffic_load[pkt/s];pkt_size[bit];num_pkt_agg;capture_eff_mode;capture_eff_thr;constant_PER;PIFS_activated;CW_adaptation;CW;CW_stage
AP_A;0;A;15;15;0;5.25;4;3;0;3;15.0;-82.0;4;1666.6;12000;64;0;10;0.0;1;1;16;5
STA_A1;1;A;12.3049;11.9683;0;5.25;4;3;0;3;15.0;-82.0;4;1666.6;12000;64;0;10;0.0;1;1;16;5
AP_B;0;B;29.5442;16.2742;0;5.25;0;0;0;3;15.0;-82.0;4;2254.7607348498827;12000;64;0;10;0.0;1;1;16;5
STA_B1;1;B;27.0294;19.8379;0;5.25;0;0;0;3;15.0;-82.0;4;2254.7607348498827;12000;64;0;10;0.0;1;1;16;5
AP_C;0;C;19.594;26.4155;0;5.25;4;1;0;1;15.0;-82.0;4;6515.379785435959;12000;64;0;10;0.0;1;1;16;5
STA_C1;1;C;22.7081;29.9356;0;5.25;4;1;0;1;15.0;-82.0;4;6515.379785435959;12000;64;0;10;0.0;1;1;16;5
AP_D;0;D;9.872;1.79;0;5.25;0;1;1;1;15.0;-82.0;4;6975.256614648933;12000;64;0;10;0.0;1;1;16;5
STA_D1;1;D;11.4042;-0.1374;0;5.25;0;1;1;1;15.0;-82.0;4;6975.256614648933;12000;64;0;10;0.0;1;1;16;5
