node_code;node_type;wlan_code;x(m);y(m);z(m);central_freq (GHz);channel_bonding_model;primary_channel;min_channel_allowed;max_channel_allowed;tx_power(dBm);cca(dBm);traffic_model;traffic_load[pkt/s];pkt_size[bit];num_pkt_agg;capture_eff_mode;capture_eff_thr;constant_PER;PIFS_activated;CW_adaptation;CW;CW_stage
AP_A;0;A;15;15;0;5.25;4;3;0;3;15.0;-82.0;1;833.3;12000;64;0;10;0.0;1;1;16;5
STA_A1;1;A;17.1683;15.8318;0;5.25;4;3;0;3;15.0;-82.0;1;833.3;12000;64;0;10;0.0;1;1;16;5
AP_B;0;B;9.6579;4.9589;0;5.25;4;2;2;3;15.0;-82.0;1;7619.041932581731;12000;64;0;10;0.0;1;1;16;5
STA_B1;1;B;12.7076;8.4703;0;5.25;4;2;2;3;15.0;-82.0;1;7619.041932581731;12000;64;0;10;0.0;1;1;16;5
AP_C;0;C;0.7535;9.9531;0;5.25;0;2;2;2;15.0;-82.0;1;5225.772876894476;12000;64;0;10;0.0;1;1;16;5
STA_C1;1;C;-3.6407;7.7953;0;5.25;0;2;2;2;15.0;-82.0;1;5225.772876894476;12000;64;0;10;0.0;1;1;16;5
AP_D;0;D;27.1399;4.4059;0;5.25;4;2;0;3;15.0;-82.0;1;1952.8305019090126;12000;64;0;10;0.0;1;1;16;5
STA_D1;1;D;30.777;4.6338;0;5.25;4;2;0;3;15.0;-82.0;1;1952.8305019090126;12000;64;0;10;0.0;1;1;16;5
