node_code;node_type;wlan_code;x(m);y(m);z(m);central_freq (GHz);channel_bonding_model;primary_channel;min_channel_allowed;max_channel_allowed;tx_power(dBm);cca(dBm);traffic_model;traffic_load[pkt/s];pkt_size[bit];num_pkt_agg;capture_eff_mode;capture_eff_thr;constant_PER;PIFS_activated;CW_adaptation;CW;CW_stage
AP_A;0;A;15;15;0;5.25;4;2;0;3;15.0;-82.0;1;833.3;12000;64;0;10;0.0;1;1;16;5
STA_A1;1;A;10.7601;15.8503;0;5.25;4;2;0;3;15.0;-82.0;1;833.3;12000;64;0;10;0.0;1;1;16;5
AP_B;0;B;8.9744;4.3897;0;5.25;0;2;2;3;15.0;-82.0;1;5149.138869592685;12000;64;0;10;0.0;1;1;16;5
STA_B1;1;B;8.1795;0.0899;0;5.25;0;2;2;3;15.0;-82.0;1;5149.138869592685;12000;64;0;10;0.0;1;1;16;5
AP_C;0;C;3.0831;24.9189;0;5.25;4;1;1;1;15.0;-82.0;1;4399.458355855595;12000;64;0;10;0.0;1;1;16;5
STA_C1;1;C;0.8856;27.2559;0;5.25;4;1;1;1;15.0;-82.0;1;4399.458355855595;12000;64;0;10;0.0;1;1;16;5
AP_D;0;D;27.6411;0.3849;0;5.25;0;0;0;0;15.0;-82.0;1;6947.893092458772;12000;64;0;10;0.0;1;1;16;5
STA_D1;1;D;31.0134;-0.369;0;5.25;0;0;0;0;15.0;-82.0;1;6947.893092458772;12000;64;0;10;0.0;1;1;16;5
