node_code;node_type;wlan_code;x(m);y(m);z(m);central_freq (GHz);channel_bonding_model;primary_channel;min_channel_allowed;max_channel_allowed;tx_power(dBm);cca(dBm);traffic_model;traffic_load[pkt/s];pkt_size[bit];num_pkt_agg;capture_eff_mode;capture_eff_thr;constant_PER;PIFS_activated;CW_adaptation;CW;CW_stage
AP_A;0;A;15;15;0;5.25;4;2;0;3;15.0;-82.0;1;8333.0;12000;64;0;10;0.0;1;1;16;5
STA_A1;1;A;12.5762;16.4339;0;5.25;4;2;0;3;15.0;-82.0;1;8333.0;12000;64;0;10;0.0;1;1;16;5
AP_B;0;B;29.8886;12.0107;0;5.25;0;1;1;1;15.0;-82.0;1;1561.7829844644602;12000;64;0;10;0.0;1;1;16;5
STA_B1;1;B;34.2006;9.5811;0;5.25;0;1;1;1;15.0;-82.0;1;1561.7829844644602;12000;64;0;10;0.0;1;1;16;5
AP_C;0;C;5.2134;12.5197;0;5.25;4;3;2;3;15.0;-82.0;1;6234.912073479151;12000;64;0;10;0.0;1;1;16;5
STA_C1;1;C;1.9401;16.1126;0;5.25;4;3;2;3;15.0;-82.0;1;6234.912073479151;12000;64;0;10;0.0;1;1;16;5
AP_D;0;D;11.0081;27.4721;0;5.25;4;1;0;1;15.0;-82.0;1;2826.0995619682317;12000;64;0;10;0.0;1;1;16;5
STA_D1;1;D;12.9839;29.5738;0;5.25;4;1;0;1;15.0;-82.0;1;2826.0995619682317;12000;64;0;10;0.0;1;1;16;5
