node_code;node_type;wlan_code;x(m);y(m);z(m);central_freq (GHz);channel_bonding_model;primary_channel;min_channel_allowed;max_channel_allowed;tx_power(dBm);cca(dBm);traffic_model;traffic_load[pkt/s];pkt_size[bit];num_pkt_agg;capture_eff_mode;capture_eff_thr;constant_PER;PIFS_activated;CW_adaptation;CW;CW_stage
AP_A;0;A;15;15;0;5.25;4;2;0;3;15.0;-82.0;4;1666.6;12000;64;0;10;0.0;1;1;16;5
STA_A1;1;A;13.2564;19.3174;0;5.25;4;2;0;3;15.0;-82.0;4;1666.6;12000;64;0;10;0.0;1;1;16;5
AP_B;0;B;6.9826;22.2753;0;5.25;4;0;0;1;15.0;-82.0;4;3912.981525310838;12000;64;0;10;0.0;1;1;16;5
STA_B1;1;B;10.8018;23.9306;0;5.25;4;0;0;1;15.0;-82.0;4;3912.981525310838;12000;64;0;10;0.0;1;1;16;5
AP_C;0;C;4.9947;3.8977;0;5.25;4;2;0;3;15.0;-82.0;4;3667.6751075577968;12000;64;0;10;0.0;1;1;16;5
STA_C1;1;C;8.8121;4.878;0;5.25;4;2;0;3;15.0;-82.0;4;3667.6751075577968;12000;64;0;10;0.0;1;1;16;5
AP_D;0;D;23.5966;4.0556;0;5.25;0;3;0;3;15.0;-82.0;4;4242.443054643416;12000;64;0;10;0.0;1;1;16;5
STA_D1;1;D;24.228;7.2694;0;5.25;0;3;0;3;15.0;-82.0;4;4242.443054643416;12000;64;0;10;0.0;1;1;16;5
