node_code;node_type;wlan_code;x(m);y(m);z(m);central_freq (GHz);channel_bonding_model;primary_channel;min_channel_allowed;max_channel_allowed;tx_power(dBm);cca(dBm);traffic_model;traffic_load[pkt/s];pkt_size[bit];num_pkt_agg;capture_eff_mode;capture_eff_thr;constant_PER;PIFS_activated;CW_adaptation;CW;CW_stage
AP_A;0;A;15;15;0;5.25;4;3;0;3;15.0;-82.0;4;833.3;12000;64;0;10;0.0;1;1;16;5
STA_A1;1;A;13.2405;19.5153;0;5.25;4;3;0;3;15.0;-82.0;4;833.3;12000;64;0;10;0.0;1;1;16;5
AP_B;0;B;22.8588;6.9724;0;5.25;0;2;2;2;15.0;-82.0;4;6558.444775688387;12000;64;0;10;0.0;1;1;16;5
STA_B1;1;B;19.2322;9.9347;0;5.25;0;2;2;2;15.0;-82.0;4;6558.444775688387;12000;64;0;10;0.0;1;1;16;5
AP_C;0;C;26.9331;29.9069;0;5.25;0;1;0;3;15.0;-82.0;4;3684.1545690467738;12000;64;0;10;0.0;1;1;16;5
STA_C1;1;C;24.9882;28.1314;0;5.25;0;1;0;3;15.0;-82.0;4;3684.1545690467738;12000;64;0;10;0.0;1;1;16;5
AP_D;0;D;3.6623;17.8809;0;5.25;4;0;0;0;15.0;-82.0;4;5676.6015919631345;12000;64;0;10;0.0;1;1;16;5
STA_D1;1;D;2.5347;13.4655;0;5.25;4;0;0;0;15.0;-82.0;4;5676.6015919631345;12000;64;0;10;0.0;1;1;16;5
