node_code;node_type;wlan_code;x(m);y(m);z(m);central_freq (GHz);channel_bonding_model;primary_channel;min_channel_allowed;max_channel_allowed;tx_power(dBm);cca(dBm);traffic_model;traffic_load[pkt/s];pkt_size[bit];num_pkt_agg;capture_eff_mode;capture_eff_thr;constant_PER;PIFS_activated;CW_adaptation;CW;CW_stage
AP_A;0;A;15;15;0;5.25;4;0;0;3;15.0;-82.0;1;1666.6;12000;64;0;10;0.0;1;1;16;5
STA_A1;1;A;17.7442;12.8263;0;5.25;4;0;0;3;15.0;-82.0;1;1666.6;12000;64;0;10;0.0;1;1;16;5
AP_B;0;B;12.9696;26.1359;0;5.25;4;2;0;3;15.0;-82.0;1;2435.4576578376627;12000;64;0;10;0.0;1;1;16;5
STA_B1;1;B;10.8941;25.6895;0;5.25;4;2;0;3;15.0;-82.0;1;2435.4576578376627;12000;64;0;10;0.0;1;1;16;5
AP_C;0;C;1.7112;9.609;0;5.25;4;3;0;3;15.0;-82.0;1;7829.211517728389;12000;64;0;10;0.0;1;1;16;5
STA_C1;1;C;-0.5444;6.0295;0;5.25;4;3;0;3;15.0;-82.0;1;7829.211517728389;12000;64;0;10;0.0;1;1;16;5
AP_D;0;D;24.419;6.2016;0;5.25;0;1;1;1;15.0;-82.0;1;1712.9263380142625;12000;64;0;10;0.0;1;1;16;5
STA_D1;1;D;25.8101;1.8058;0;5.25;0;1;1;1;15.0;-82.0;1;1712.9263380142625;12000;64;0;10;0.0;1;1;16;5
