node_code;node_type;wlan_code;x(m);y(m);z(m);central_freq (GHz);channel_bonding_model;primary_channel;min_channel_allowed;max_channel_allowed;tx_power(dBm);cca(dBm);traffic_model;traffic_load[pkt/s];pkt_size[bit];num_pkt_agg;capture_eff_mode;capture_eff_thr;constant_PER;PIFS_activated;CW_adaptation;CW;CW_stage
AP_A;0;A;15;15;0;5.25;4;3;0;3;15.0;-82.0;1;1666.6;12000;64;0;10;0.0;1;1;16;5
STA_A1;1;A;14.9376;19.8315;0;5.25;4;3;0;3;15.0;-82.0;1;1666.6;12000;64;0;10;0.0;1;1;16;5
AP_B;0;B;0.6691;18.8313;0;5.25;4;1;1;1;15.0;-82.0;1;6796.884717076311;12000;64;0;10;0.0;1;1;16;5
STA_B1;1;B;2.3364;23.3867;0;5.25;4;1;1;1;15.0;-82.0;1;6796.884717076311;12000;64;0;10;0.0;1;1;16;5
AP_C;0;C;12.2898;2.6007;0;5.25;0;0;0;1;15.0;-82.0;1;7343.819420394828;12000;64;0;10;0.0;1;1;16;5
STA_C1;1;C;13.5893;3.4181;0;5.25;0;0;0;1;15.0;-82.0;1;7343.819420394828;12000;64;0;10;0.0;1;1;16;5
AP_D;0;D;3.9535;29.0453;0;5.25;0;2;0;3;15.0;-82.0;1;7715.251971522806;12000;64;0;10;0.0;1;1;16;5
STA_D1;1;D;1.5187;28.6563;0;5.25;0;2;0;3;15.0;-82.0;1;7715.251971522806;12000;64;0;10;0.0;1;1;16;5
