node_code;node_type;wlan_code;x(m);y(m);z(m);central_freq (GHz);channel_bonding_model;primary_channel;min_channel_allowed;max_channel_allowed;tx_power(dBm);cca(dBm);traffic_model;traffic_load[pkt/s];pkt_size[bit];num_pkt_agg;capture_eff_mode;capture_eff_thr;constant_PER;PIFS_activated;CW_adaptation;CW;CW_stage
AP_A;0;A;15;15;0;5.25;4;0;0;3;15.0;-82.0;4;4166.5;12000;64;0;10;0.0;1;1;16;5
STA_A1;1;A;10.4801;15.9718;0;5.25;4;0;0;3;15.0;-82.0;4;4166.5;12000;64;0;10;0.0;1;1;16;5
AP_B;0;B;24.0405;6.1198;0;5.25;4;0;0;0;15.0;-82.0;4;2047.726433049185;12000;64;0;10;0.0;1;1;16;5
STA_B1;1;B;24.7977;2.8334;0;5.25;4;0;0;0;15.0;-82.0;4;2047.726433049185;12000;64;0;10;0.0;1;1;16;5
AP_C;0;C;4.4364;19.6024;0;5.25;4;2;0;3;15.0;-82.0;4;7678.581170241456;12000;64;0;10;0.0;1;1;16;5
STA_C1;1;C;3.5262;22.6666;0;5.25;4;2;0;3;15.0;-82.0;4;7678.581170241456;12000;64;0;10;0.0;1;1;16;5
AP_D;0;D;27.3424;18.0412;0;5.25;4;3;0;3;15.0;-82.0;4;6966.158411047637;12000;64;0;10;0.0;1;1;16;5
STA_D1;1;D;28.7429;15.5307;0;5.25;4;3;0;3;15.0;-82.0;4;6966.158411047637;12000;64;0;10;0.0;1;1;16;5
