node_code;node_type;wlan_code;x(m);y(m);z(m);central_freq (GHz);channel_bonding_model;primary_channel;min_channel_allowed;max_channel_allowed;tx_power(dBm);cca(dBm);traffic_model;traffic_load[pkt/s];pkt_size[bit];num_pkt_agg;capture_eff_mode;capture_eff_thr;constant_PER;PIFS_activated;CW_adaptation;CW;CW_stage
AP_A;0;A;15;15;0;5.25;4;0;0;3;15.0;-82.0;4;833.3;12000;64;0;10;0.0;1;1;16;5
STA_A1;1;A;17.3298;17.3101;0;5.25;4;0;0;3;15.0;-82.0;4;833.3;12000;64;0;10;0.0;1;1;16;5
AP_B;0;B;28.3904;8.3695;0;5.25;4;1;0;3;15.0;-82.0;4;1478.5795101692506;12000;64;0;10;0.0;1;1;16;5
STA_B1;1;B;26.6967;7.477;0;5.25;4;1;0;3;15.0;-82.0;4;1478.5795101692506;12000;64;0;10;0.0;1;1;16;5
AP_C;0;C;25.5874;23.8992;0;5.25;4;3;3;3;15.0;-82.0;4;5713.523868813261;12000;64;0;10;0.0;1;1;16;5
STA_C1;1;C;20.9109;25.4973;0;5.25;4;3;3;3;15.0;-82.0;4;5713.523868813261;12000;64;0;10;0.0;1;1;16;5
AP_D;0;D;8.0828;25.2593;0;5.25;0;0;0;3;15.0;-82.0;4;8116.927921641932;12000;64;0;10;0.0;1;1;16;5
STA_D1;1;D;11.1104;25.8651;0;5.25;0;0;0;3;15.0;-82.0;4;8116.927921641932;12000;64;0;10;0.0;1;1;16;5
