node_code;node_type;wlan_code;x(m);y(m);z(m);central_freq (GHz);channel_bonding_model;primary_channel;min_channel_allowed;max_channel_allowed;tx_power(dBm);cca(dBm);traffic_model;traffic_load[pkt/s];pkt_size[bit];num_pkt_agg;capture_eff_mode;capture_eff_thr;constant_PER;PIFS_activated;CW_adaptation;CW;CW_stage
AP_A;0;A;15;15;0;5.25;4;2;0;3;15.0;-82.0;1;1666.6;12000;64;0;10;0.0;1;1;16;5
STA_A1;1;A;16.6253;16.0186;0;5.25;4;2;0;3;15.0;-82.0;1;1666.6;12000;64;0;10;0.0;1;1;16;5
AP_B;0;B;20.0891;23.6115;0;5.25;0;1;1;1;15.0;-82.0;1;7055.060409828882;12000;64;0;10;0.0;1;1;16;5
STA_B1;1;B;18.1128;24.6941;0;5.25;0;1;1;1;15.0;-82.0;1;7055.060409828882;12000;64;0;10;0.0;1;1;16;5
AP_C;0;C;22.7283;5.2087;0;5.25;4;2;2;3;15.0;-82.0;1;7710.101321663023;12000;64;0;10;0.0;1;1;16;5
STA_C1;1;C;26.7751;5.3962;0;5.25;4;2;2;3;15.0;-82.0;1;7710.101321663023;12000;64;0;10;0.0;1;1;16;5
AP_D;0;D;29.8336;19.1697;0;5.25;0;1;0;1;15.0;-82.0;1;7795.231756963248;12000;64;0;10;0.0;1;1;16;5
STA_D1;1;D;32.7551;16.3885;0;5.25;0;1;0;1;15.0;-82.0;1;7795.231756963248;12000;64;0;10;0.0;1;1;16;5
