node_code;node_type;wlan_code;x(m);y(m);z(m);central_freq (GHz);channel_bonding_model;primary_channel;min_channel_allowed;max_channel_allowed;tx_power(dBm);cca(dBm);traffic_model;traffic_load[pkt/s];pkt_size[bit];num_pkt_agg;capture_eff_mode;capture_eff_thr;constant_PER;PIFS_activated;CW_adaptation;CW;CW_stage
AP_A;0;A;15;15;0;5.25;4;0;0;3;15.0;-82.0;4;4166.5;12000;64;0;10;0.0;1;1;16;5
STA_A1;1;A;16.9206;17.1818;0;5.25;4;0;0;3;15.0;-82.0;4;4166.5;12000;64;0;10;0.0;1;1;16;5
AP_B;0;B;28.3261;26.1521;0;5.25;4;3;0;3;15.0;-82.0;4;2558.9164732493314;12000;64;0;10;0.0;1;1;16;5
STA_B1;1;B;26.1809;25.1144;0;5.25;4;3;0;3;15.0;-82.0;4;2558.9164732493314;12000;64;0;10;0.0;1;1;16;5
AP_C;0;C;24.6605;1.6286;0;5.25;0;1;0;3;15.0;-82.0;4;3398.936470964809;12000;64;0;10;0.0;1;1;16;5
STA_C1;1;C;25.6133;3.3756;0;5.25;0;1;0;3;15.0;-82.0;4;3398.936470964809;12000;64;0;10;0.0;1;1;16;5
AP_D;0;D;2.4297;16.933;0;5.25;4;2;2;3;15.0;-82.0;4;4265.228247567719;12000;64;0;10;0.0;1;1;16;5
STA_D1;1;D;0.6756;19.2425;0;5.25;4;2;2;3;15.0;-82.0;4;4265.228247567719;12000;64;0;10;0.0;1;1;16;5
