node_code;node_type;wlan_code;x(m);y(m);z(m);central_freq (GHz);channel_bonding_model;primary_channel;min_channel_allowed;max_channel_allowed;tx_power(dBm);cca(dBm);traffic_model;traffic_load[pkt/s];pkt_size[bit];num_pkt_agg;capture_eff_mode;capture_eff_thr;constant_PER;PIFS_activated;CW_adaptation;CW;CW_stage
AP_A;0;A;15;15;0;5.25;4;1;0;3;15.0;-82.0;1;8333.0;12000;64;0;10;0.0;1;1;16;5
STA_A1;1;A;16.0136;12.5198;0;5.25;4;1;0;3;15.0;-82.0;1;8333.0;12000;64;0;10;0.0;1;1;16;5
AP_B;0;B;27.7493;21.1954;0;5.25;0;1;0;3;15.0;-82.0;1;1469.1458352013506;12000;64;0;10;0.0;1;1;16;5
STA_B1;1;B;24.2551;22.7381;0;5.25;0;1;0;3;15.0;-82.0;1;1469.1458352013506;12000;64;0;10;0.0;1;1;16;5
AP_C;0;C;6.5483;8.2767;0;5.25;0;0;0;1;15.0;-82.0;1;5036.106985322875;12000;64;0;10;0.0;1;1;16;5
STA_C1;1;C;8.7008;10.3255;0;5.25;0;0;0;1;15.0;-82.0;1;5036.106985322875;12000;64;0;10;0.0;1;1;16;5
AP_D;0;D;2.8059;20.6019;0;5.25;4;3;2;3;15.0;-82.0;1;8159.542656580789;12000;64;0;10;0.0;1;1;16;5
STA_D1;1;D;1.0455;18.416;0;5.25;4;3;2;3;15.0;-82.0;1;8159.542656580789;12000;64;0;10;0.0;1;1;16;5
