node_code;node_type;wlan_code;x(m);y(m);z(m);central_freq (GHz);channel_bonding_model;primary_channel;min_channel_allowed;max_channel_allowed;tx_power(dBm);cca(dBm);traffic_model;traffic_load[pkt/s];pkt_size[bit];num_pkt_agg;capture_eff_mode;capture_eff_thr;constant_PER;PIFS_activated;CW_adaptation;CW;CW_stage
AP_A;0;A;15;15;0;5.25;4;3;0;3;15.0;-82.0;4;4166.5;12000;64;0;10;0.0;1;1;16;5
STA_A1;1;A;11.9548;18.3084;0;5.25;4;3;0;3;15.0;-82.0;4;4166.5;12000;64;0;10;0.0;1;1;16;5
AP_B;0;B;2.7097;21.7954;0;5.25;0;3;2;3;15.0;-82.0;4;7835.374580708988;12000;64;0;10;0.0;1;1;16;5
STA_B1;1;B;-0.5107;20.6242;0;5.25;0;3;2;3;15.0;-82.0;4;7835.374580708988;12000;64;0;10;0.0;1;1;16;5
AP_C;0;C;5.8562;8.6069;0;5.25;4;0;0;1;15.0;-82.0;4;2669.016623834649;12000;64;0;10;0.0;1;1;16;5
STA_C1;1;C;1.0549;8.1854;0;5.25;4;0;0;1;15.0;-82.0;4;2669.016623834649;12000;64;0;10;0.0;1;1;16;5
AP_D;0;D;15.0797;26.1764;0;5.25;0;1;1;1;15.0;-82.0;4;6810.585356743935;12000;64;0;10;0.0;1;1;16;5
STA_D1;1;D;16.7475;28.9326;0;5.25;0;1;1;1;15.0;-82.0;4;6810.585356743935;12000;64;0;10;0.0;1;1;16;5
