node_code;node_type;wlan_code;x(m);y(m);z(m);central_freq (GHz);channel_bonding_model;primary_channel;min_channel_allowed;max_channel_allowed;tx_power(dBm);cca(dBm);traffic_model;traffic_load[pkt/s];pkt_size[bit];num_pkt_agg;capture_eff_mode;capture_eff_thr;constant_PER;PIFS_activated;CW_adaptation;CW;CW_stage
AP_A;0;A;15;15;0;5.25;4;1;0;3;15.0;-82.0;1;1666.6;12000;64;0;10;0.0;1;1;16;5
STA_A1;1;A;19.1901;13.282;0;5.25;4;1;0;3;15.0;-82.0;1;1666.6;12000;64;0;10;0.0;1;1;16;5
AP_B;0;B;29.2492;20.8213;0;5.25;4;3;2;3;15.0;-82.0;1;2571.0828093593054;12000;64;0;10;0.0;1;1;16;5
STA_B1;1;B;24.9347;20.0614;0;5.25;4;3;2;3;15.0;-82.0;1;2571.0828093593054;12000;64;0;10;0.0;1;1;16;5
AP_C;0;C;26.2622;5.9916;0;5.25;4;3;2;3;15.0;-82.0;1;1812.2383497107367;12000;64;0;10;0.0;1;1;16;5
STA_C1;1;C;23.1897;3.7033;0;5.25;4;3;2;3;15.0;-82.0;1;1812.2383497107367;12000;64;0;10;0.0;1;1;16;5
AP_D;0;D;2.9898;29.8504;0;5.25;0;2;2;2;15.0;-82.0;1;3964.753987786252;12000;64;0;10;0.0;1;1;16;5
STA_D1;1;D;1.5406;26.3639;0;5.25;0;2;2;2;15.0;-82.0;1;3964.753987786252;12000;64;0;10;0.0;1;1;16;5
