node_code;node_type;wlan_code;x(m);y(m);z(m);central_freq (GHz);channel_bonding_model;primary_channel;min_channel_allowed;max_channel_allowed;tx_power(dBm);cca(dBm);traffic_model;traffic_load[pkt/s];pkt_size[bit];num_pkt_agg;capture_eff_mode;capture_eff_thr;constant_PER;PIFS_activated;CW_adaptation;CW;CW_stage
AP_A;0;A;15;15;0;5.25;4;1;0;3;15.0;-82.0;1;4166.5;12000;64;0;10;0.0;1;1;16;5
STA_A1;1;A;16.6945;19.0112;0;5.25;4;1;0;3;15.0;-82.0;1;4166.5;12000;64;0;10;0.0;1;1;16;5
AP_B;0;B;7.6239;25.4661;0;5.25;0;3;3;3;15.0;-82.0;1;1118.9616696608068;12000;64;0;10;0.0;1;1;16;5
STA_B1;1;B;5.1557;25.9551;0;5.25;0;3;3;3;15.0;-82.0;1;1118.9616696608068;12000;64;0;10;0.0;1;1;16;5
AP_C;0;C;7.7973;0.4741;0;5.25;4;0;0;3;15.0;-82.0;1;3922.2841264156777;12000;64;0;10;0.0;1;1;16;5
STA_C1;1;C;6.6695;-3.7528;0;5.25;4;0;0;3;15.0;-82.0;1;3922.2841264156777;12000;64;0;10;0.0;1;1;16;5
AP_D;0;D;2.8911;15.0525;0;5.25;0;3;0;3;15.0;-82.0;1;1979.9497315426424;12000;64;0;10;0.0;1;1;16;5
STA_D1;1;D;3.5892;13.8686;0;5.25;0;3;0;3;15.0;-82.0;1;1979.9497315426424;12000;64;0;10;0.0;1;1;16;5
