node_code;node_type;wlan_code;x(m);y(m);z(m);central_freq (GHz);channel_bonding_model;primary_channel;min_channel_allowed;max_channel_allowed;tx_power(dBm);cca(dBm);traffic_model;traffic_load[pkt/s];pkt_size[bit];num_pkt_agg;capture_eff_mode;capture_eff_thr;constant_PER;PIFS_activated;CW_adaptation;CW;CW_stage
AP_A;0;A;15;15;0;5.25;4;1;0;3;15.0;-82.0;4;1666.6;12000;64;0;10;0.0;1;1;16;5
STA_A1;1;A;12.3576;12.8264;0;5.25;4;1;0;3;15.0;-82.0;4;1666.6;12000;64;0;10;0.0;1;1;16;5
AP_B;0;B;0.3494;11.2708;0;5.25;4;0;0;3;15.0;-82.0;4;5066.175802386747;12000;64;0;10;0.0;1;1;16;5
STA_B1;1;B;-4.6048;11.268;0;5.25;4;0;0;3;15.0;-82.0;4;5066.175802386747;12000;64;0;10;0.0;1;1;16;5
AP_C;0;C;9.4474;4.5201;0;5.25;4;1;1;1;15.0;-82.0;4;6435.0148733119895;12000;64;0;10;0.0;1;1;16;5
STA_C1;1;C;4.6933;4.1654;0;5.25;4;1;1;1;15.0;-82.0;4;6435.0148733119895;12000;64;0;10;0.0;1;1;16;5
AP_D;0;D;14.4575;26.4862;0;5.25;4;0;0;1;15.0;-82.0;4;5701.582335813289;12000;64;0;10;0.0;1;1;16;5
STA_D1;1;D;18.1256;24.6192;0;5.25;4;0;0;1;15.0;-82.0;4;5701.582335813289;12000;64;0;10;0.0;1;1;16;5
