node_code;node_type;wlan_code;x(m);y(m);z(m);central_freq (GHz);channel_bonding_model;primary_channel;min_channel_allowed;max_channel_allowed;tx_power(dBm);cca(dBm);traffic_model;traffic_load[pkt/s];pkt_size[bit];num_pkt_agg;capture_eff_mode;capture_eff_thr;constant_PER;PIFS_activated;CW_adaptation;CW;CW_stage
AP_A;0;A;15;15;0;5.25;4;1;0;3;15.0;-82.0;4;8333.0;12000;64;0;10;0.0;1;1;16;5
STA_A1;1;A;19.5652;13.7641;0;5.25;4;1;0;3;15.0;-82.0;4;8333.0;12000;64;0;10;0.0;1;1;16;5
AP_B;0;B;1.1858;2.8202;0;5.25;4;3;2;3;15.0;-82.0;4;2583.2933153070426;12000;64;0;10;0.0;1;1;16;5
STA_B1;1;B;1.8692;0.1863;0;5.25;4;3;2;3;15.0;-82.0;4;2583.2933153070426;12000;64;0;10;0.0;1;1;16;5
AP_C;0;C;12.0432;27.1057;0;5.25;0;0;0;3;15.0;-82.0;4;976.7043490357231;12000;64;0;10;0.0;1;1;16;5
STA_C1;1;C;9.0962;29.6318;0;5.25;0;0;0;3;15.0;-82.0;4;976.7043490357231;12000;64;0;10;0.0;1;1;16;5
AP_D;0;D;26.684;21.5964;0;5.25;0;1;1;1;15.0;-82.0;4;5031.609518137868;12000;64;0;10;0.0;1;1;16;5
STA_D1;1;D;22.7528;24.0307;0;5.25;0;1;1;1;15.0;-82.0;4;5031.609518137868;12000;64;0;10;0.0;1;1;16;5
