node_code;node_type;wlan_code;x(m);y(m);z(m);central_freq (GHz);channel_bonding_model;primary_channel;min_channel_allowed;max_channel_allowed;tx_power(dBm);cca(dBm);traffic_model;traffic_load[pkt/s];pkt_size[bit];num_pkt_agg;capture_eff_mode;capture_eff_thr;constant_PER;PIFS_activated;CW_adaptation;CW;CW_stage
AP_A;0;A;15;15;0;5.25;4;3;0;3;15.0;-82.0;1;8333.0;12000;64;0;10;0.0;1;1;16;5
STA_A1;1;A;17.8171;11.6209;0;5.25;4;3;0;3;15.0;-82.0;1;8333.0;12000;64;0;10;0.0;1;1;16;5
AP_B;0;B;0.4849;5.536;0;5.25;0;3;2;3;15.0;-82.0;1;6474.955692812739;12000;64;0;10;0.0;1;1;16;5
STA_B1;1;B;3.1897;5.3431;0;5.25;0;3;2;3;15.0;-82.0;1;6474.955692812739;12000;64;0;10;0.0;1;1;16;5
AP_C;0;C;22.979;24.4769;0;5.25;4;1;0;3;15.0;-82.0;1;5852.216526390226;12000;64;0;10;0.0;1;1;16;5
STA_C1;1;C;25.3753;23.6315;0;5.25;4;1;0;3;15.0;-82.0;1;5852.216526390226;12000;64;0;10;0.0;1;1;16;5
AP_D;0;D;29.8385;13.0254;0;5.25;4;2;2;3;15.0;-82.0;1;8313.00247809784;12000;64;0;10;0.0;1;1;16;5
STA_D1;1;D;29.878;16.4968;0;5.25;4;2;2;3;15.0;-82.0;1;8313.00247809784;12000;64;0;10;0.0;1;1;16;5
