node_code;node_type;wlan_code;x(m);y(m);z(m);central_freq (GHz);channel_bonding_model;primary_channel;min_channel_allowed;max_channel_allowed;tx_power(dBm);cca(dBm);traffic_model;traffic_load[pkt/s];pkt_size[bit];num_pkt_agg;capture_eff_mode;capture_eff_thr;constant_PER;PIFS_activated;CW_adaptation;CW;CW_stage
AP_A;0;A;15;15;0;5.25;4;1;0;3;15.0;-82.0;4;833.3;12000;64;0;10;0.0;1;1;16;5
STA_A1;1;A;18.319;14.3088;0;5.25;4;1;0;3;15.0;-82.0;4;833.3;12000;64;0;10;0.0;1;1;16;5
AP_B;0;B;15.2026;29.8661;0;5.25;0;2;0;3;15.0;-82.0;4;7833.492383218101;12000;64;0;10;0.0;1;1;16;5
STA_B1;1;B;13.3563;27.9443;0;5.25;0;2;0;3;15.0;-82.0;4;7833.492383218101;12000;64;0;10;0.0;1;1;16;5
AP_C;0;C;0.6966;0.0719;0;5.25;0;2;2;2;15.0;-82.0;4;4226.378395620388;12000;64;0;10;0.0;1;1;16;5
STA_C1;1;C;-3.8615;-1.7986;0;5.25;0;2;2;2;15.0;-82.0;4;4226.378395620388;12000;64;0;10;0.0;1;1;16;5
AP_D;0;D;26.1414;27.4205;0;5.25;0;3;3;3;15.0;-82.0;4;2304.8936014107517;12000;64;0;10;0.0;1;1;16;5
STA_D1;1;D;28.0742;31.7633;0;5.25;0;3;3;3;15.0;-82.0;4;2304.8936014107517;12000;64;0;10;0.0;1;1;16;5
