node_code;node_type;wlan_code;x(m);y(m);z(m);central_freq (GHz);channel_bonding_model;primary_channel;min_channel_allowed;max_channel_allowed;tx_power(dBm);cca(dBm);traffic_model;traffic_load[pkt/s];pkt_size[bit];num_pkt_agg;capture_eff_mode;capture_eff_thr;constant_PER;PIFS_activated;CW_adaptation;CW;CW_stage
AP_A;0;A;15;15;0;5.25;4;0;0;3;15.0;-82.0;4;4166.5;12000;64;0;10;0.0;1;1;16;5
STA_A1;1;A;13.9137;10.2078;0;5.25;4;0;0;3;15.0;-82.0;4;4166.5;12000;64;0;10;0.0;1;1;16;5
AP_B;0;B;22.0907;3.679;0;5.25;4;3;3;3;15.0;-82.0;4;1668.3755391585146;12000;64;0;10;0.0;1;1;16;5
STA_B1;1;B;25.6643;4.4451;0;5.25;4;3;3;3;15.0;-82.0;4;1668.3755391585146;12000;64;0;10;0.0;1;1;16;5
AP_C;0;C;24.3383;28.5646;0;5.25;0;1;0;1;15.0;-82.0;4;1263.022361805829;12000;64;0;10;0.0;1;1;16;5
STA_C1;1;C;21.9466;26.3631;0;5.25;0;1;0;1;15.0;-82.0;4;1263.022361805829;12000;64;0;10;0.0;1;1;16;5
AP_D;0;D;2.7148;13.176;0;5.25;4;3;3;3;15.0;-82.0;4;5626.011953671902;12000;64;0;10;0.0;1;1;16;5
STA_D1;1;D;5.4787;9.3666;0;5.25;4;3;3;3;15.0;-82.0;4;5626.011953671902;12000;64;0;10;0.0;1;1;16;5
