node_code;node_type;wlan_code;x(m);y(m);z(m);central_freq (GHz);channel_bonding_model;primary_channel;min_channel_allowed;max_channel_allowed;tx_power(dBm);cca(dBm);traffic_model;traffic_load[pkt/s];pkt_size[bit];num_pkt_agg;capture_eff_mode;capture_eff_thr;constant_PER;PIFS_activated;CW_adaptation;CW;CW_stage
AP_A;0;A;15;15;0;5.25;4;1;0;3;15.0;-82.0;4;4166.5;12000;64;0;10;0.0;1;1;16;5
STA_A1;1;A;16.2829;11.7244;0;5.25;4;1;0;3;15.0;-82.0;4;4166.5;12000;64;0;10;0.0;1;1;16;5
AP_B;0;B;1.089;29.4665;0;5.25;4;0;0;0;15.0;-82.0;4;7058.171384024748;12000;64;0;10;0.0;1;1;16;5
STA_B1;1;B;1.4775;30.9806;0;5.25;4;0;0;0;15.0;-82.0;4;7058.171384024748;12000;64;0;10;0.0;1;1;16;5
AP_C;0;C;21.5026;2.4425;0;5.25;4;0;0;1;15.0;-82.0;4;2517.0613397037296;12000;64;0;10;0.0;1;1;16;5
STA_C1;1;C;16.9952;1.4751;0;5.25;4;0;0;1;15.0;-82.0;4;2517.0613397037296;12000;64;0;10;0.0;1;1;16;5
AP_D;0;D;6.679;3.1845;0;5.25;0;1;0;1;15.0;-82.0;4;5375.669742583142;12000;64;0;10;0.0;1;1;16;5
STA_D1;1;D;2.9471;5.9425;0;5.25;0;1;0;1;15.0;-82.0;4;5375.669742583142;12000;64;0;10;0.0;1;1;16;5
