node_code;node_type;wlan_code;x(m);y(m);z(m);central_freq (GHz);channel_bonding_model;primary_channel;min_channel_allowed;max_channel_allowed;tx_power(dBm);cca(dBm);traffic_model;traffic_load[pkt/s];pkt_size[bit];num_pkt_agg;capture_eff_mode;capture_eff_thr;constant_PER;PIFS_activated;CW_adaptation;CW;CW_stage
AP_A;0;A;15;15;0;5.25;4;0;0;3;15.0;-82.0;4;8333.0;12000;64;0;10;0.0;1;1;16;5
STA_A1;1;A;13.2609;15.6332;0;5.25;4;0;0;3;15.0;-82.0;4;8333.0;12000;64;0;10;0.0;1;1;16;5
AP_B;0;B;1.2145;4.7794;0;5.25;0;0;0;3;15.0;-82.0;4;1552.3528369652395;12000;64;0;10;0.0;1;1;16;5
STA_B1;1;B;1.6966;9.5053;0;5.25;0;0;0;3;15.0;-82.0;4;1552.3528369652395;12000;64;0;10;0.0;1;1;16;5
AP_C;0;C;24.1972;8.4878;0;5.25;0;3;2;3;15.0;-82.0;4;6598.223588079048;12000;64;0;10;0.0;1;1;16;5
STA_C1;1;C;27.4447;7.7938;0;5.25;0;3;2;3;15.0;-82.0;4;6598.223588079048;12000;64;0;10;0.0;1;1;16;5
AP_D;0;D;0.4071;21.5852;0;5.25;4;1;0;3;15.0;-82.0;4;7563.978426980522;12000;64;0;10;0.0;1;1;16;5
STA_D1;1;D;0.232;25.6439;0;5.25;4;1;0;3;15.0;-82.0;4;7563.978426980522;12000;64;0;10;0.0;1;1;16;5
