node_code;node_type;wlan_code;x(m);y(m);z(m);central_freq (GHz);channel_bonding_model;primary_channel;min_channel_allowed;max_channel_allowed;tx_power(dBm);cca(dBm);traffic_model;traffic_load[pkt/s];pkt_size[bit];num_pkt_agg;capture_eff_mode;capture_eff_thr;constant_PER;PIFS_activated;CW_adaptation;CW;CW_stage
AP_A;0;A;15;15;0;5.25;4;2;0;3;15.0;-82.0;4;8333.0;12000;64;0;10;0.0;1;1;16;5
STA_A1;1;A;19.2532;13.239;0;5.25;4;2;0;3;15.0;-82.0;4;8333.0;12000;64;0;10;0.0;1;1;16;5
AP_B;0;B;27.4198;17.6814;0;5.25;0;2;2;3;15.0;-82.0;4;7717.772951109787;12000;64;0;10;0.0;1;1;16;5
STA_B1;1;B;24.8517;13.6493;0;5.25;0;2;2;3;15.0;-82.0;4;7717.772951109787;12000;64;0;10;0.0;1;1;16;5
AP_C;0;C;9.8005;26.5018;0;5.25;4;3;0;3;15.0;-82.0;4;8029.424221865174;12000;64;0;10;0.0;1;1;16;5
STA_C1;1;C;11.3881;31.1706;0;5.25;4;3;0;3;15.0;-82.0;4;8029.424221865174;12000;64;0;10;0.0;1;1;16;5
AP_D;0;D;27.5873;27.8693;0;5.25;4;1;1;1;15.0;-82.0;4;4521.31775501588;12000;64;0;10;0.0;1;1;16;5
STA_D1;1;D;26.8621;24.7187;0;5.25;4;1;1;1;15.0;-82.0;4;4521.31775501588;12000;64;0;10;0.0;1;1;16;5
