node_code;node_type;wlan_code;x(m);y(m);z(m);central_freq (GHz);channel_bonding_model;primary_channel;min_channel_allowed;max_channel_allowed;tx_power(dBm);cca(dBm);traffic_model;traffic_load[pkt/s];pkt_size[bit];num_pkt_agg;capture_eff_mode;capture_eff_thr;constant_PER;PIFS_activated;CW_adaptation;CW;CW_stage
AP_A;0;A;15;15;0;5.25;4;3;0;3;15.0;-82.0;4;8333.0;12000;64;0;10;0.0;1;1;16;5
STA_A1;1;A;14.5717;16.6662;0;5.25;4;3;0;3;15.0;-82.0;4;8333.0;12000;64;0;10;0.0;1;1;16;5
AP_B;0;B;3.2374;20.8058;0;5.25;0;0;0;0;15.0;-82.0;4;4671.789429501269;12000;64;0;10;0.0;1;1;16;5
STA_B1;1;B;2.7357;24.5841;0;5.25;0;0;0;0;15.0;-82.0;4;4671.789429501269;12000;64;0;10;0.0;1;1;16;5
AP_C;0;C;7.2074;5.803;0;5.25;4;3;2;3;15.0;-82.0;4;5625.734875518277;12000;64;0;10;0.0;1;1;16;5
STA_C1;1;C;3.7865;9.1414;0;5.25;4;3;2;3;15.0;-82.0;4;5625.734875518277;12000;64;0;10;0.0;1;1;16;5
AP_D;0;D;28.7073;4.8473;0;5.25;0;0;0;1;15.0;-82.0;4;8115.531022919445;12000;64;0;10;0.0;1;1;16;5
STA_D1;1;D;32.8175;5.5468;0;5.25;0;0;0;1;15.0;-82.0;4;8115.531022919445;12000;64;0;10;0.0;1;1;16;5
