node_code;node_type;wlan_code;x(m);y(m);z(m);central_freq (GHz);channel_bonding_model;primary_channel;min_channel_allowed;max_channel_allowed;tx_power(dBm);cca(dBm);traffic_model;traffic_load[pkt/s];pkt_size[bit];num_pkt_agg;capture_eff_mode;capture_eff_thr;constant_PER;PIFS_activated;CW_adaptation;CW;CW_stage
AP_A;0;A;15;15;0;5.25;4;0;0;3;15.0;-82.0;1;1666.6;12000;64;0;10;0.0;1;1;16;5
STA_A1;1;A;15.4763;18.8898;0;5.25;4;0;0;3;15.0;-82.0;1;1666.6;12000;64;0;10;0.0;1;1;16;5
AP_B;0;B;28.3508;15.1475;0;5.25;0;1;0;3;15.0;-82.0;1;7652.7458546257385;12000;64;0;10;0.0;1;1;16;5
STA_B1;1;B;27.7291;10.2016;0;5.25;0;1;0;3;15.0;-82.0;1;7652.7458546257385;12000;64;0;10;0.0;1;1;16;5
AP_C;0;C;5.2891;24.2147;0;5.25;4;0;0;3;15.0;-82.0;1;3978.855263192332;12000;64;0;10;0.0;1;1;16;5
STA_C1;1;C;6.4916;24.7023;0;5.25;4;0;0;3;15.0;-82.0;1;3978.855263192332;12000;64;0;10;0.0;1;1;16;5
AP_D;0;D;15.8498;2.8004;0;5.25;0;2;2;3;15.0;-82.0;1;3542.5621992359565;12000;64;0;10;0.0;1;1;16;5
STA_D1;1;D;19.7933;4.2442;0;5.25;0;2;2;3;15.0;-82.0;1;3542.5621992359565;12000;64;0;10;0.0;1;1;16;5
