node_code;node_type;wlan_code;x(m);y(m);z(m);central_freq (GHz);channel_bonding_model;primary_channel;min_channel_allowed;max_channel_allowed;tx_power(dBm);cca(dBm);traffic_model;traffic_load[pkt/s];pkt_size[bit];num_pkt_agg;capture_eff_mode;capture_eff_thr;constant_PER;PIFS_activated;CW_adaptation;CW;CW_stage
AP_A;0;A;15;15;0;5.25;4;2;0;3;15.0;-82.0;1;833.3;12000;64;0;10;0.0;1;1;16;5
STA_A1;1;A;15.6774;16.3725;0;5.25;4;2;0;3;15.0;-82.0;1;833.3;12000;64;0;10;0.0;1;1;16;5
AP_B;0;B;4.8904;0.7246;0;5.25;4;1;0;3;15.0;-82.0;1;4847.470224506202;12000;64;0;10;0.0;1;1;16;5
STA_B1;1;B;8.2731;-0.6846;0;5.25;4;1;0;3;15.0;-82.0;1;4847.470224506202;12000;64;0;10;0.0;1;1;16;5
AP_C;0;C;3.7812;15.9365;0;5.25;4;1;0;3;15.0;-82.0;1;1455.2107582530475;12000;64;0;10;0.0;1;1;16;5
STA_C1;1;C;6.1557;16.7359;0;5.25;4;1;0;3;15.0;-82.0;1;1455.2107582530475;12000;64;0;10;0.0;1;1;16;5
AP_D;0;D;24.4844;25.2349;0;5.25;4;0;0;1;15.0;-82.0;1;3550.84265077876;12000;64;0;10;0.0;1;1;16;5
STA_D1;1;D;27.2952;26.7606;0;5.25;4;0;0;1;15.0;-82.0;1;3550.84265077876;12000;64;0;10;0.0;1;1;16;5
