node_code;node_type;wlan_code;x(m);y(m);z(m);central_freq (GHz);channel_bonding_model;primary_channel;min_channel_allowed;max_channel_allowed;tx_power(dBm);cca(dBm);traffic_model;traffic_load[pkt/s];pkt_size[bit];num_pkt_agg;capture_eff_mode;capture_eff_thr;constant_PER;PIFS_activated;CW_adaptation;CW;CW_stage
AP_A;0;A;15;15;0;5.25;4;1;0;3;15.0;-82.0;1;8333.0;12000;64;0;10;0.0;1;1;16;5
STA_A1;1;A;14.2984;19.579;0;5.25;4;1;0;3;15.0;-82.0;1;8333.0;12000;64;0;10;0.0;1;1;16;5
AP_B;0;B;3.9639;5.42;0;5.25;0;1;0;3;15.0;-82.0;1;3914.6890662250835;12000;64;0;10;0.0;1;1;16;5
STA_B1;1;B;5.1985;3.7133;0;5.25;0;1;0;3;15.0;-82.0;1;3914.6890662250835;12000;64;0;10;0.0;1;1;16;5
AP_C;0;C;24.6235;7.7783;0;5.25;0;2;0;3;15.0;-82.0;1;7044.158853707538;12000;64;0;10;0.0;1;1;16;5
STA_C1;1;C;24.1234;12.6945;0;5.25;0;2;0;3;15.0;-82.0;1;7044.158853707538;12000;64;0;10;0.0;1;1;16;5
AP_D;0;D;9.1453;25.3445;0;5.25;0;2;0;3;15.0;-82.0;1;3139.376906746733;12000;64;0;10;0.0;1;1;16;5
STA_D1;1;D;11.9096;23.3859;0;5.25;0;2;0;3;15.0;-82.0;1;3139.376906746733;12000;64;0;10;0.0;1;1;16;5
