node_code;node_type;wlan_code;x(m);y(m);z(m);central_freq (GHz);channel_bonding_model;primary_channel;min_channel_allowed;max_channel_allowed;tx_power(dBm);cca(dBm);traffic_model;traffic_load[pkt/s];pkt_size[bit];num_pkt_agg;capture_eff_mode;capture_eff_thr;constant_PER;PIFS_activated;CW_adaptation;CW;CW_stage
AP_A;0;A;15;15;0;5.25;4;1;0;3;15.0;-82.0;1;4166.5;12000;64;0;10;0.0;1;1;16;5
STA_A1;1;A;11.6435;15.4731;0;5.25;4;1;0;3;15.0;-82.0;1;4166.5;12000;64;0;10;0.0;1;1;16;5
AP_B;0;B;23.9927;6.3843;0;5.25;4;3;0;3;15.0;-82.0;1;2629.9237057333476;12000;64;0;10;0.0;1;1;16;5
STA_B1;1;B;27.9204;3.5112;0;5.25;4;3;0;3;15.0;-82.0;1;2629.9237057333476;12000;64;0;10;0.0;1;1;16;5
AP_C;0;C;7.2542;21.9045;0;5.25;4;0;0;0;15.0;-82.0;1;7640.611849828458;12000;64;0;10;0.0;1;1;16;5
STA_C1;1;C;5.2777;26.0127;0;5.25;4;0;0;0;15.0;-82.0;1;7640.611849828458;12000;64;0;10;0.0;1;1;16;5
AP_D;0;D;21.7473;24.2897;0;5.25;0;2;0;3;15.0;-82.0;1;2313.153271502607;12000;64;0;10;0.0;1;1;16;5
STA_D1;1;D;23.5253;21.4778;0;5.25;0;2;0;3;15.0;-82.0;1;2313.153271502607;12000;64;0;10;0.0;1;1;16;5
