node_code;node_type;wlan_code;x(m);y(m);z(m);central_freq (GHz);channel_bonding_model;primary_channel;min_channel_allowed;max_channel_allowed;tx_power(dBm);cca(dBm);traffic_model;traffic_load[pkt/s];pkt_size[bit];num_pkt_agg;capture_eff_mode;capture_eff_thr;constant_PER;PIFS_activated;CW_adaptation;CW;CW_stage
AP_A;0;A;15;15;0;5.25;4;1;0;3;15.0;-82.0;4;4166.5;12000;64;0;10;0.0;1;1;16;5
STA_A1;1;A;12.5657;18.871;0;5.25;4;1;0;3;15.0;-82.0;4;4166.5;12000;64;0;10;0.0;1;1;16;5
AP_B;0;B;10.7909;26.5461;0;5.25;4;0;0;3;15.0;-82.0;4;3593.9037165922773;12000;64;0;10;0.0;1;1;16;5
STA_B1;1;B;7.7254;29.1645;0;5.25;4;0;0;3;15.0;-82.0;4;3593.9037165922773;12000;64;0;10;0.0;1;1;16;5
AP_C;0;C;1.805;22.1151;0;5.25;4;3;3;3;15.0;-82.0;4;6043.4852025746195;12000;64;0;10;0.0;1;1;16;5
STA_C1;1;C;-1.1573;19.2839;0;5.25;4;3;3;3;15.0;-82.0;4;6043.4852025746195;12000;64;0;10;0.0;1;1;16;5
AP_D;0;D;29.0492;22.0921;0;5.25;0;1;0;1;15.0;-82.0;4;6721.775939002185;12000;64;0;10;0.0;1;1;16;5
STA_D1;1;D;31.8105;22.5201;0;5.25;0;1;0;1;15.0;-82.0;4;6721.775939002185;12000;64;0;10;0.0;1;1;16;5
