node_code;node_type;wlan_code;x(m);y(m);z(m);central_freq (GHz);channel_bonding_model;primary_channel;min_channel_allowed;max_channel_allowed;tx_power(dBm);cca(dBm);traffic_model;traffic_load[pkt/s];pkt_size[bit];num_pkt_agg;capture_eff_mode;capture_eff_thr;constant_PER;PIFS_activated;CW_adaptation;CW;CW_stage
AP_A;0;A;15;15;0;5.25;4;2;0;3;15.0;-82.0;4;8333.0;12000;64;0;10;0.0;1;1;16;5
STA_A1;1;A;12.5805;12.4585;0;5.25;4;2;0;3;15.0;-82.0;4;8333.0;12000;64;0;10;0.0;1;1;16;5
AP_B;0;B;24.1248;28.4529;0;5.25;0;3;0;3;15.0;-82.0;4;3528.0444233929466;12000;64;0;10;0.0;1;1;16;5
STA_B1;1;B;23.2542;25.0469;0;5.25;0;3;0;3;15.0;-82.0;4;3528.0444233929466;12000;64;0;10;0.0;1;1;16;5
AP_C;0;C;23.1078;3.3949;0;5.25;4;2;2;3;15.0;-82.0;4;954.4230488672697;12000;64;0;10;0.0;1;1;16;5
STA_C1;1;C;23.3355;6.066;0;5.25;4;2;2;3;15.0;-82.0;4;954.4230488672697;12000;64;0;10;0.0;1;1;16;5
AP_D;0;D;1.3543;13.9017;0;5.25;4;1;0;1;15.0;-82.0;4;1453.1604635207573;12000;64;0;10;0.0;1;1;16;5
STA_D1;1;D;0.2543;9.0438;0;5.25;4;1;0;1;15.0;-82.0;4;1453.1604635207573;12000;64;0;10;0.0;1;1;16;5
