node_code;node_type;wlan_code;x(m);y(m);z(m);central_freq (GHz);channel_bonding_model;primary_channel;min_channel_allowed;max_channel_allowed;tx_power(dBm);cca(dBm);traffic_model;traffic_load[pkt/s];pkt_size[bit];num_pkt_agg;capture_eff_mode;capture_eff_thr;constant_PER;PIFS_activated;CW_adaptation;CW;CW_stage
AP_A;0;A;15;15;0;5.25;4;0;0;3;15.0;-82.0;4;833.3;12000;64;0;10;0.0;1;1;16;5
STA_A1;1;A;13.242;13.8882;0;5.25;4;0;0;3;15.0;-82.0;4;833.3;12000;64;0;10;0.0;1;1;16;5
AP_B;0;B;1.2614;2.2975;0;5.25;0;0;0;0;15.0;-82.0;4;6409.12797427894;12000;64;0;10;0.0;1;1;16;5
STA_B1;1;B;5.049;4.6486;0;5.25;0;0;0;0;15.0;-82.0;4;6409.12797427894;12000;64;0;10;0.0;1;1;16;5
AP_C;0;C;28.7196;0.4087;0;5.25;0;1;1;1;15.0;-82.0;4;6919.797647238659;12000;64;0;10;0.0;1;1;16;5
STA_C1;1;C;32.2287;-0.232;0;5.25;0;1;1;1;15.0;-82.0;4;6919.797647238659;12000;64;0;10;0.0;1;1;16;5
AP_D;0;D;15.4281;3.6877;0;5.25;0;3;3;3;15.0;-82.0;4;2248.8087921955203;12000;64;0;10;0.0;1;1;16;5
STA_D1;1;D;12.4569;0.3041;0;5.25;0;3;3;3;15.0;-82.0;4;2248.8087921955203;12000;64;0;10;0.0;1;1;16;5
