node_code;node_type;wlan_code;x(m);y(m);z(m);central_freq (GHz);channel_bonding_model;primary_channel;min_channel_allowed;max_channel_allowed;tx_power(dBm);cca(dBm);traffic_model;traffic_load[pkt/s];pkt_size[bit];num_pkt_agg;capture_eff_mode;capture_eff_thr;constant_PER;PIFS_activated;CW_adaptation;CW;CW_stage
AP_A;0;A;15;15;0;5.25;4;1;0;3;15.0;-82.0;4;8333.0;12000;64;0;10;0.0;1;1;16;5
STA_A1;1;A;17.0827;16.4664;0;5.25;4;1;0;3;15.0;-82.0;4;8333.0;12000;64;0;10;0.0;1;1;16;5
AP_B;0;B;18.8198;29.4408;0;5.25;4;1;1;1;15.0;-82.0;4;4545.230262226511;12000;64;0;10;0.0;1;1;16;5
STA_B1;1;B;19.1164;25.1746;0;5.25;4;1;1;1;15.0;-82.0;4;4545.230262226511;12000;64;0;10;0.0;1;1;16;5
AP_C;0;C;7.7208;7.8668;0;5.25;4;2;0;3;15.0;-82.0;4;1782.1526388624006;12000;64;0;10;0.0;1;1;16;5
STA_C1;1;C;5.703;4.1131;0;5.25;4;2;0;3;15.0;-82.0;4;1782.1526388624006;12000;64;0;10;0.0;1;1;16;5
AP_D;0;D;29.8874;28.2856;0;5.25;0;0;0;1;15.0;-82.0;4;7154.258308146921;12000;64;0;10;0.0;1;1;16;5
STA_D1;1;D;28.2939;23.7842;0;5.25;0;0;0;1;15.0;-82.0;4;7154.258308146921;12000;64;0;10;0.0;1;1;16;5
