node_code;node_type;wlan_code;x(m);y(m);z(m);central_freq (GHz);channel_bonding_model;primary_channel;min_channel_allowed;max_channel_allowed;tx_power(dBm);cca(dBm);traffic_model;traffic_load[pkt/s];pkt_size[bit];num_pkt_agg;capture_eff_mode;capture_eff_thr;constant_PER;PIFS_activated;CW_adaptation;CW;CW_stage
AP_A;0;A;15;15;0;5.25;4;3;0;3;15.0;-82.0;1;8333.0;12000;64;0;10;0.0;1;1;16;5
STA_A1;1;A;18.2493;18.4371;0;5.25;4;3;0;3;15.0;-82.0;1;8333.0;12000;64;0;10;0.0;1;1;16;5
AP_B;0;B;5.5457;19.5789;0;5.25;4;2;2;3;15.0;-82.0;1;2224.2477945481896;12000;64;0;10;0.0;1;1;16;5
STA_B1;1;B;2.9626;18.9466;0;5.25;4;2;2;3;15.0;-82.0;1;2224.2477945481896;12000;64;0;10;0.0;1;1;16;5
AP_C;0;C;13.857;28.0881;0;5.25;0;0;0;0;15.0;-82.0;1;7375.190386397852;12000;64;0;10;0.0;1;1;16;5
STA_C1;1;C;8.913;28.5147;0;5.25;0;0;0;0;15.0;-82.0;1;7375.190386397852;12000;64;0;10;0.0;1;1;16;5
AP_D;0;D;23.9018;6.6322;0;5.25;0;1;1;1;15.0;-82.0;1;3881.653478357174;12000;64;0;10;0.0;1;1;16;5
STA_D1;1;D;22.666;3.3936;0;5.25;0;1;1;1;15.0;-82.0;1;3881.653478357174;12000;64;0;10;0.0;1;1;16;5
