node_code;node_type;wlan_code;x(m);y(m);z(m);central_freq (GHz);channel_bonding_model;primary_channel;min_channel_allowed;max_channel_allowed;tx_power(dBm);cca(dBm);traffic_model;traffic_load[pkt/s];pkt_size[bit];num_pkt_agg;capture_eff_mode;capture_eff_thr;constant_PER;PIFS_activated;CW_adaptation;CW;CW_stage
AP_A;0;A;15;15;0;5.25;4;1;0;3;15.0;-82.0;4;1666.6;12000;64;0;10;0.0;1;1;16;5
STA_A1;1;A;17.2785;10.9335;0;5.25;4;1;0;3;15.0;-82.0;4;1666.6;12000;64;0;10;0.0;1;1;16;5
AP_B;0;B;27.5724;23.3622;0;5.25;0;0;0;3;15.0;-82.0;4;5962.551405391507;12000;64;0;10;0.0;1;1;16;5
STA_B1;1;B;29.1497;26.9445;0;5.25;0;0;0;3;15.0;-82.0;4;5962.551405391507;12000;64;0;10;0.0;1;1;16;5
AP_C;0;C;16.8101;27.7902;0;5.25;4;1;1;1;15.0;-82.0;4;1036.4741499301554;12000;64;0;10;0.0;1;1;16;5
STA_C1;1;C;18.9966;31.9034;0;5.25;4;1;1;1;15.0;-82.0;4;1036.4741499301554;12000;64;0;10;0.0;1;1;16;5
AP_D;0;D;0.5492;26.3916;0;5.25;0;1;0;3;15.0;-82.0;4;1000.4163929781253;12000;64;0;10;0.0;1;1;16;5
STA_D1;1;D;1.3395;30.1878;0;5.25;0;1;0;3;15.0;-82.0;4;1000.4163929781253;12000;64;0;10;0.0;1;1;16;5
