node_code;node_type;wlan_code;x(m);y(m);z(m);central_freq (GHz);channel_bonding_model;primary_channel;min_channel_allowed;max_channel_allowed;tx_power(dBm);cca(dBm);traffic_model;traffic_load[pkt/s];pkt_size[bit];num_pkt_agg;capture_eff_mode;capture_eff_thr;constant_PER;PIFS_activated;CW_adaptation;CW;CW_stage
AP_A;0;A;15;15;0;5.25;4;0;0;3;15.0;-82.0;1;1666.6;12000;64;0;10;0.0;1;1;16;5
STA_A1;1;A;16.4649;10.7521;0;5.25;4;0;0;3;15.0;-82.0;1;1666.6;12000;64;0;10;0.0;1;1;16;5
AP_B;0;B;1.6772;10.6169;0;5.25;0;3;3;3;15.0;-82.0;1;5537.023449264216;12000;64;0;10;0.0;1;1;16;5
STA_B1;1;B;4.1435;6.8724;0;5.25;0;3;3;3;15.0;-82.0;1;5537.023449264216;12000;64;0;10;0.0;1;1;16;5
AP_C;0;C;9.985;26.1635;0;5.25;0;0;0;0;15.0;-82.0;1;7868.141424895159;12000;64;0;10;0.0;1;1;16;5
STA_C1;1;C;13.5334;23.0961;0;5.25;0;0;0;0;15.0;-82.0;1;7868.141424895159;12000;64;0;10;0.0;1;1;16;5
AP_D;0;D;23.0985;29.8524;0;5.25;0;3;2;3;15.0;-82.0;1;7825.902696184943;12000;64;0;10;0.0;1;1;16;5
STA_D1;1;D;25.1282;27.0586;0;5.25;0;3;2;3;15.0;-82.0;1;7825.902696184943;12000;64;0;10;0.0;1;1;16;5
