node_code;node_type;wlan_code;x(m);y(m);z(m);central_freq (GHz);channel_bonding_model;primary_channel;min_channel_allowed;max_channel_allowed;tx_power(dBm);cca(dBm);traffic_model;traffic_load[pkt/s];pkt_size[bit];num_pkt_agg;capture_eff_mode;capture_eff_thr;constant_PER;PIFS_activated;CW_adaptation;CW;CW_stage
AP_A;0;A;15;15;0;5.25;4;0;0;3;15.0;-82.0;4;4166.5;12000;64;0;10;0.0;1;1;16;5
STA_A1;1;A;13.3191;11.0152;0;5.25;4;0;0;3;15.0;-82.0;4;4166.5;12000;64;0;10;0.0;1;1;16;5
AP_B;0;B;19.5182;24.3161;0;5.25;0;1;1;1;15.0;-82.0;4;2865.5778804611537;12000;64;0;10;0.0;1;1;16;5
STA_B1;1;B;15.5317;26.5089;0;5.25;0;1;1;1;15.0;-82.0;4;2865.5778804611537;12000;64;0;10;0.0;1;1;16;5
AP_C;0;C;2.0975;17.856;0;5.25;0;2;2;3;15.0;-82.0;4;6438.2015628954405;12000;64;0;10;0.0;1;1;16;5
STA_C1;1;C;-1.7709;15.1773;0;5.25;0;2;2;3;15.0;-82.0;4;6438.2015628954405;12000;64;0;10;0.0;1;1;16;5
AP_D;0;D;24.3398;2.7912;0;5.25;4;2;0;3;15.0;-82.0;4;2192.109614756201;12000;64;0;10;0.0;1;1;16;5
STA_D1;1;D;22.9488;-1.2029;0;5.25;4;2;0;3;15.0;-82.0;4;2192.109614756201;12000;64;0;10;0.0;1;1;16;5
