node_code;node_type;wlan_code;x(m);y(m);z(m);central_freq (GHz);channel_bonding_model;primary_channel;min_channel_allowed;max_channel_allowed;tx_power(dBm);cca(dBm);traffic_model;traffic_load[pkt/s];pkt_size[bit];num_pkt_agg;capture_eff_mode;capture_eff_thr;constant_PER;PIFS_activated;CW_adaptation;CW;CW_stage
AP_A;0;A;15;15;0;5.25;4;3;0;3;15.0;-82.0;1;833.3;12000;64;0;10;0.0;1;1;16;5
STA_A1;1;A;19.8037;14.4885;0;5.25;4;3;0;3;15.0;-82.0;1;833.3;12000;64;0;10;0.0;1;1;16;5
AP_B;0;B;2.5814;14.3334;0;5.25;4;2;2;3;15.0;-82.0;1;2546.802958335543;12000;64;0;10;0.0;1;1;16;5
STA_B1;1;B;5.9001;15.5104;0;5.25;4;2;2;3;15.0;-82.0;1;2546.802958335543;12000;64;0;10;0.0;1;1;16;5
AP_C;0;C;26.2687;19.4182;0;5.25;0;0;0;1;15.0;-82.0;1;8265.183925707146;12000;64;0;10;0.0;1;1;16;5
STA_C1;1;C;28.0642;16.3006;0;5.25;0;0;0;1;15.0;-82.0;1;8265.183925707146;12000;64;0;10;0.0;1;1;16;5
AP_D;0;D;7.0041;3.7353;0;5.25;0;3;2;3;15.0;-82.0;1;2593.178873365873;12000;64;0;10;0.0;1;1;16;5
STA_D1;1;D;2.8138;1.4584;0;5.25;0;3;2;3;15.0;-82.0;1;2593.178873365873;12000;64;0;10;0.0;1;1;16;5
