node_code;node_type;wlan_code;x(m);y(m);z(m);central_freq (GHz);channel_bonding_model;primary_channel;min_channel_allowed;max_channel_allowed;tx_power(dBm);cca(dBm);traffic_model;traffic_load[pkt/s];pkt_size[bit];num_pkt_agg;capture_eff_mode;capture_eff_thr;constant_PER;PIFS_activated;CW_adaptation;CW;CW_stage
AP_A;0;A;15;15;0;5.25;4;1;0;3;15.0;-82.0;4;833.3;12000;64;0;10;0.0;1;1;16;5
STA_A1;1;A;11.0797;15.7026;0;5.25;4;1;0;3;15.0;-82.0;4;833.3;12000;64;0;10;0.0;1;1;16;5
AP_B;0;B;0.3238;9.1218;0;5.25;4;2;0;3;15.0;-82.0;4;1168.993924181368;12000;64;0;10;0.0;1;1;16;5
STA_B1;1;B;-1.6419;7.1721;0;5.25;4;2;0;3;15.0;-82.0;4;1168.993924181368;12000;64;0;10;0.0;1;1;16;5
AP_C;0;C;28.8879;22.644;0;5.25;0;1;1;1;15.0;-82.0;4;1098.4585448729117;12000;64;0;10;0.0;1;1;16;5
STA_C1;1;C;31.6496;21.0464;0;5.25;0;1;1;1;15.0;-82.0;4;1098.4585448729117;12000;64;0;10;0.0;1;1;16;5
AP_D;0;D;17.9948;26.3067;0;5.25;0;3;3;3;15.0;-82.0;4;997.4010904343269;12000;64;0;10;0.0;1;1;16;5
STA_D1;1;D;18.1536;23.4273;0;5.25;0;3;3;3;15.0;-82.0;4;997.4010904343269;12000;64;0;10;0.0;1;1;16;5
