node_code;node_type;wlan_code;x(m);y(m);z(m);central_freq (GHz);channel_bonding_model;primary_channel;min_channel_allowed;max_channel_allowed;tx_power(dBm);cca(dBm);traffic_model;traffic_load[pkt/s];pkt_size[bit];num_pkt_agg;capture_eff_mode;capture_eff_thr;constant_PER;PIFS_activated;CW_adaptation;CW;CW_stage
AP_A;0;A;15;15;0;5.25;4;0;0;3;15.0;-82.0;4;8333.0;12000;64;0;10;0.0;1;1;16;5
STA_A1;1;A;18.1486;18.4246;0;5.25;4;0;0;3;15.0;-82.0;4;8333.0;12000;64;0;10;0.0;1;1;16;5
AP_B;0;B;5.9625;23.9515;0;5.25;4;3;2;3;15.0;-82.0;4;3616.4335670323535;12000;64;0;10;0.0;1;1;16;5
STA_B1;1;B;3.6187;21.7288;0;5.25;4;3;2;3;15.0;-82.0;4;3616.4335670323535;12000;64;0;10;0.0;1;1;16;5
AP_C;0;C;0.8966;13.7889;0;5.25;4;2;0;3;15.0;-82.0;4;3400.7757516517695;12000;64;0;10;0.0;1;1;16;5
STA_C1;1;C;0.3959;16.7129;0;5.25;4;2;0;3;15.0;-82.0;4;3400.7757516517695;12000;64;0;10;0.0;1;1;16;5
AP_D;0;D;27.9235;3.4376;0;5.25;4;2;2;3;15.0;-82.0;4;1705.3047547482865;12000;64;0;10;0.0;1;1;16;5
STA_D1;1;D;31.3828;0.2316;0;5.25;4;2;2;3;15.0;-82.0;4;1705.3047547482865;12000;64;0;10;0.0;1;1;16;5
