node_code;node_type;wlan_code;x(m);y(m);z(m);central_freq (GHz);channel_bonding_model;primary_channel;min_channel_allowed;max_channel_allowed;tx_power(dBm);cca(dBm);traffic_model;traffic_load[pkt/s];pkt_size[bit];num_pkt_agg;capture_eff_mode;capture_eff_thr;constant_PER;PIFS_activated;CW_adaptation;CW;CW_stage
AP_A;0;A;15;15;0;5.25;4;3;0;3;15.0;-82.0;4;833.3;12000;64;0;10;0.0;1;1;16;5
STA_A1;1;A;15.5684;19.2906;0;5.25;4;3;0;3;15.0;-82.0;4;833.3;12000;64;0;10;0.0;1;1;16;5
AP_B;0;B;17.2114;0.2176;0;5.25;4;1;0;1;15.0;-82.0;4;6739.497487973865;12000;64;0;10;0.0;1;1;16;5
STA_B1;1;B;13.3351;0.8257;0;5.25;4;1;0;1;15.0;-82.0;4;6739.497487973865;12000;64;0;10;0.0;1;1;16;5
AP_C;0;C;3.3226;19.2255;0;5.25;4;3;0;3;15.0;-82.0;4;6571.207921309288;12000;64;0;10;0.0;1;1;16;5
STA_C1;1;C;0.0254;20.2755;0;5.25;4;3;0;3;15.0;-82.0;4;6571.207921309288;12000;64;0;10;0.0;1;1;16;5
AP_D;0;D;7.4084;5.7005;0;5.25;0;1;0;3;15.0;-82.0;4;5278.522043756676;12000;64;0;10;0.0;1;1;16;5
STA_D1;1;D;7.0417;10.4235;0;5.25;0;1;0;3;15.0;-82.0;4;5278.522043756676;12000;64;0;10;0.0;1;1;16;5
