node_code;node_type;wlan_code;x(m);y(m);z(m);central_freq (GHz);channel_bonding_model;primary_channel;min_channel_allowed;max_channel_allowed;tx_power(dBm);cca(dBm);traffic_model;traffic_load[pkt/s];pkt_size[bit];num_pkt_agg;capture_eff_mode;capture_eff_thr;constant_PER;PIFS_activated;CW_adaptation;CW;CW_stage
AP_A;0;A;15;15;0;5.25;4;1;0;3;15.0;-82.0;4;8333.0;12000;64;0;10;0.0;1;1;16;5
STA_A1;1;A;12.5365;16.444;0;5.25;4;1;0;3;15.0;-82.0;4;8333.0;12000;64;0;10;0.0;1;1;16;5
AP_B;0;B;7.3549;26.2716;0;5.25;0;2;0;3;15.0;-82.0;4;5528.740474150544;12000;64;0;10;0.0;1;1;16;5
STA_B1;1;B;10.1574;28.8739;0;5.25;0;2;0;3;15.0;-82.0;4;5528.740474150544;12000;64;0;10;0.0;1;1;16;5
AP_C;0;C;7.9501;3.5568;0;5.25;4;2;2;2;15.0;-82.0;4;875.3327565942566;12000;64;0;10;0.0;1;1;16;5
STA_C1;1;C;5.4112;-0.2255;0;5.25;4;2;2;2;15.0;-82.0;4;875.3327565942566;12000;64;0;10;0.0;1;1;16;5
AP_D;0;D;25.3543;24.3283;0;5.25;4;0;0;1;15.0;-82.0;4;1468.675307205081;12000;64;0;10;0.0;1;1;16;5
STA_D1;1;D;25.71;22.9235;0;5.25;4;0;0;1;15.0;-82.0;4;1468.675307205081;12000;64;0;10;0.0;1;1;16;5
