node_code;node_type;wlan_code;x(m);y(m);z(m);central_freq (GHz);channel_bonding_model;primary_channel;min_channel_allowed;max_channel_allowed;tx_power(dBm);cca(dBm);traffic_model;traffic_load[pkt/s];pkt_size[bit];num_pkt_agg;capture_eff_mode;capture_eff_thr;constant_PER;PIFS_activated;CW_adaptation;CW;CW_stage
AP_A;0;A;15;15;0;5.25;4;3;0;3;15.0;-82.0;4;833.3;12000;64;0;10;0.0;1;1;16;5
STA_A1;1;A;15.2082;17.5013;0;5.25;4;3;0;3;15.0;-82.0;4;833.3;12000;64;0;10;0.0;1;1;16;5
AP_B;0;B;15.2331;2.8752;0;5.25;4;0;0;3;15.0;-82.0;4;5956.552683336365;12000;64;0;10;0.0;1;1;16;5
STA_B1;1;B;15.5554;7.1447;0;5.25;4;0;0;3;15.0;-82.0;4;5956.552683336365;12000;64;0;10;0.0;1;1;16;5
AP_C;0;C;0.4563;26.3638;0;5.25;4;1;0;3;15.0;-82.0;4;6356.784335449548;12000;64;0;10;0.0;1;1;16;5
STA_C1;1;C;-2.3524;25.2892;0;5.25;4;1;0;3;15.0;-82.0;4;6356.784335449548;12000;64;0;10;0.0;1;1;16;5
AP_D;0;D;10.997;29.9298;0;5.25;4;2;0;3;15.0;-82.0;4;2499.400277796327;12000;64;0;10;0.0;1;1;16;5
STA_D1;1;D;6.9918;29.3605;0;5.25;4;2;0;3;15.0;-82.0;4;2499.400277796327;12000;64;0;10;0.0;1;1;16;5
