node_code;node_type;wlan_code;x(m);y(m);z(m);central_freq (GHz);channel_bonding_model;primary_channel;min_channel_allowed;max_channel_allowed;tx_power(dBm);cca(dBm);traffic_model;traffic_load[pkt/s];pkt_size[bit];num_pkt_agg;capture_eff_mode;capture_eff_thr;constant_PER;PIFS_activated;CW_adaptation;CW;CW_stage
AP_A;0;A;15;15;0;5.25;4;0;0;3;15.0;-82.0;1;833.3;12000;64;0;10;0.0;1;1;16;5
STA_A1;1;A;15.1596;16.8686;0;5.25;4;0;0;3;15.0;-82.0;1;833.3;12000;64;0;10;0.0;1;1;16;5
AP_B;0;B;6.1913;24.8512;0;5.25;0;3;0;3;15.0;-82.0;1;2486.342786329531;12000;64;0;10;0.0;1;1;16;5
STA_B1;1;B;10.1437;23.8618;0;5.25;0;3;0;3;15.0;-82.0;1;2486.342786329531;12000;64;0;10;0.0;1;1;16;5
AP_C;0;C;25.2077;17.9873;0;5.25;0;3;2;3;15.0;-82.0;1;5378.686853888263;12000;64;0;10;0.0;1;1;16;5
STA_C1;1;C;30.0865;17.0369;0;5.25;0;3;2;3;15.0;-82.0;1;5378.686853888263;12000;64;0;10;0.0;1;1;16;5
AP_D;0;D;2.382;9.5031;0;5.25;4;2;2;3;15.0;-82.0;1;5345.839727440543;12000;64;0;10;0.0;1;1;16;5
STA_D1;1;D;0.07;7.6606;0;5.25;4;2;2;3;15.0;-82.0;1;5345.839727440543;12000;64;0;10;0.0;1;1;16;5
