node_code;node_type;wlan_code;x(m);y(m);z(m);central_freq (GHz);channel_bonding_model;primary_channel;min_channel_allowed;max_channel_allowed;tx_power(dBm);cca(dBm);traffic_model;traffic_load[pkt/s];pkt_size[bit];num_pkt_agg;capture_eff_mode;capture_eff_thr;constant_PER;PIFS_activated;CW_adaptation;CW;CW_stage
AP_A;0;A;15;15;0;5.25;4;2;0;3;15.0;-82.0;4;833.3;12000;64;0;10;0.0;1;1;16;5
STA_A1;1;A;18.3545;16.1404;0;5.25;4;2;0;3;15.0;-82.0;4;833.3;12000;64;0;10;0.0;1;1;16;5
AP_B;0;B;2.2097;21.4749;0;5.25;4;1;1;1;15.0;-82.0;4;3952.7241549075425;12000;64;0;10;0.0;1;1;16;5
STA_B1;1;B;3.9934;24.8084;0;5.25;4;1;1;1;15.0;-82.0;4;3952.7241549075425;12000;64;0;10;0.0;1;1;16;5
AP_C;0;C;27.1914;10.7288;0;5.25;4;0;0;1;15.0;-82.0;4;1207.6020107055754;12000;64;0;10;0.0;1;1;16;5
STA_C1;1;C;23.5018;12.5448;0;5.25;4;0;0;1;15.0;-82.0;4;1207.6020107055754;12000;64;0;10;0.0;1;1;16;5
AP_D;0;D;0.9882;6.4189;0;5.25;0;2;2;2;15.0;-82.0;4;6198.539400739785;12000;64;0;10;0.0;1;1;16;5
STA_D1;1;D;-0.8639;2.4573;0;5.25;0;2;2;2;15.0;-82.0;4;6198.539400739785;12000;64;0;10;0.0;1;1;16;5
