node_code;node_type;wlan_code;x(m);y(m);z(m);central_freq (GHz);channel_bonding_model;primary_channel;min_channel_allowed;max_channel_allowed;tx_power(dBm);cca(dBm);traffic_model;traffic_load[pkt/s];pkt_size[bit];num_pkt_agg;capture_eff_mode;capture_eff_thr;constant_PER;PIFS_activated;CW_adaptation;CW;CW_stage
AP_A;0;A;15;15;0;5.25;4;0;0;3;15.0;-82.0;1;833.3;12000;64;0;10;0.0;1;1;16;5
STA_A1;1;A;17.4946;16.1825;0;5.25;4;0;0;3;15.0;-82.0;1;833.3;12000;64;0;10;0.0;1;1;16;5
AP_B;0;B;1.5499;25.4227;0;5.25;0;1;0;3;15.0;-82.0;1;5396.186613095318;12000;64;0;10;0.0;1;1;16;5
STA_B1;1;B;2.3475;20.6457;0;5.25;0;1;0;3;15.0;-82.0;1;5396.186613095318;12000;64;0;10;0.0;1;1;16;5
AP_C;0;C;28.2365;15.7368;0;5.25;4;3;0;3;15.0;-82.0;1;6511.198211386009;12000;64;0;10;0.0;1;1;16;5
STA_C1;1;C;30.3494;11.5543;0;5.25;4;3;0;3;15.0;-82.0;1;6511.198211386009;12000;64;0;10;0.0;1;1;16;5
AP_D;0;D;27.8043;27.7921;0;5.25;4;2;2;2;15.0;-82.0;1;1272.2248521595952;12000;64;0;10;0.0;1;1;16;5
STA_D1;1;D;30.1507;28.0766;0;5.25;4;2;2;2;15.0;-82.0;1;1272.2248521595952;12000;64;0;10;0.0;1;1;16;5
