node_code;node_type;wlan_code;x(m);y(m);z(m);central_freq (GHz);channel_bonding_model;primary_channel;min_channel_allowed;max_channel_allowed;tx_power(dBm);cca(dBm);traffic_model;traffic_load[pkt/s];pkt_size[bit];num_pkt_agg;capture_eff_mode;capture_eff_thr;constant_PER;PIFS_activated;CW_adaptation;CW;CW_stage
AP_A;0;A;15;15;0;5.25;4;3;0;3;15.0;-82.0;4;8333.0;12000;64;0;10;0.0;1;1;16;5
STA_A1;1;A;14.4481;10.8179;0;5.25;4;3;0;3;15.0;-82.0;4;8333.0;12000;64;0;10;0.0;1;1;16;5
AP_B;0;B;18.2289;0.024;0;5.25;0;1;1;1;15.0;-82.0;4;3231.032353384887;12000;64;0;10;0.0;1;1;16;5
STA_B1;1;B;20.4613;3.9262;0;5.25;0;1;1;1;15.0;-82.0;4;3231.032353384887;12000;64;0;10;0.0;1;1;16;5
AP_C;0;C;25.261;25.3677;0;5.25;4;3;2;3;15.0;-82.0;4;5024.827141508817;12000;64;0;10;0.0;1;1;16;5
STA_C1;1;C;24.4407;23.1679;0;5.25;4;3;2;3;15.0;-82.0;4;5024.827141508817;12000;64;0;10;0.0;1;1;16;5
AP_D;0;D;0.2355;27.9726;0;5.25;4;0;0;0;15.0;-82.0;4;3264.849444586989;12000;64;0;10;0.0;1;1;16;5
STA_D1;1;D;-1.1781;25.7887;0;5.25;4;0;0;0;15.0;-82.0;4;3264.849444586989;12000;64;0;10;0.0;1;1;16;5
