node_code;node_type;wlan_code;x(m);y(m);z(m);central_freq (GHz);channel_bonding_model;primary_channel;min_channel_allowed;max_channel_allowed;tx_power(dBm);cca(dBm);traffic_model;traffic_load[pkt/s];pkt_size[bit];num_pkt_agg;capture_eff_mode;capture_eff_thr;constant_PER;PIFS_activated;CW_adaptation;CW;CW_stage
AP_A;0;A;15;15;0;5.25;4;0;0;3;15.0;-82.0;4;4166.5;12000;64;0;10;0.0;1;1;16;5
STA_A1;1;A;18.0589;11.6951;0;5.25;4;0;0;3;15.0;-82.0;4;4166.5;12000;64;0;10;0.0;1;1;16;5
AP_B;0;B;6.6375;6.6212;0;5.25;4;1;0;1;15.0;-82.0;4;3427.9135018614534;12000;64;0;10;0.0;1;1;16;5
STA_B1;1;B;9.5381;4.8067;0;5.25;4;1;0;1;15.0;-82.0;4;3427.9135018614534;12000;64;0;10;0.0;1;1;16;5
AP_C;0;C;19.7179;1.2601;0;5.25;0;0;0;1;15.0;-82.0;4;2482.986202713604;12000;64;0;10;0.0;1;1;16;5
STA_C1;1;C;16.3764;3.9412;0;5.25;0;0;0;1;15.0;-82.0;4;2482.986202713604;12000;64;0;10;0.0;1;1;16;5
AP_D;0;D;27.3213;21.0244;0;5.25;4;2;0;3;15.0;-82.0;4;6403.080874910915;12000;64;0;10;0.0;1;1;16;5
STA_D1;1;D;28.1338;25.8582;0;5.25;4;2;0;3;15.0;-82.0;4;6403.080874910915;12000;64;0;10;0.0;1;1;16;5
