node_code;node_type;wlan_code;x(m);y(m);z(m);central_freq (GHz);channel_bonding_model;primary_channel;min_channel_allowed;max_channel_allowed;tx_power(dBm);cca(dBm);traffic_model;traffic_load[pkt/s];pkt_size[bit];num_pkt_agg;capture_eff_mode;capture_eff_thr;constant_PER;PIFS_activated;CW_adaptation;CW;CW_stage
AP_A;0;A;15;15;0;5.25;4;0;0;3;15.0;-82.0;4;1666.6;12000;64;0;10;0.0;1;1;16;5
STA_A1;1;A;14.4989;19.2359;0;5.25;4;0;0;3;15.0;-82.0;4;1666.6;12000;64;0;10;0.0;1;1;16;5
AP_B;0;B;0.6028;13.583;0;5.25;4;3;0;3;15.0;-82.0;4;3281.029897428485;12000;64;0;10;0.0;1;1;16;5
STA_B1;1;B;-1.9285;13.0212;0;5.25;4;3;0;3;15.0;-82.0;4;3281.029897428485;12000;64;0;10;0.0;1;1;16;5
AP_C;0;C;8.3877;25.3618;0;5.25;4;1;0;3;15.0;-82.0;4;6489.919209449875;12000;64;0;10;0.0;1;1;16;5
STA_C1;1;C;7.9648;22.3321;0;5.25;4;1;0;3;15.0;-82.0;4;6489.919209449875;12000;64;0;10;0.0;1;1;16;5
AP_D;0;D;25.4692;17.2195;0;5.25;4;3;2;3;15.0;-82.0;4;988.6569954356909;12000;64;0;10;0.0;1;1;16;5
STA_D1;1;D;21.8959;14.5768;0;5.25;4;3;2;3;15.0;-82.0;4;988.6569954356909;12000;64;0;10;0.0;1;1;16;5
