node_code;node_type;wlan_code;x(m);y(m);z(m);central_freq (GHz);channel_bonding_model;primary_channel;min_channel_allowed;max_channel_allowed;tx_power(dBm);cca(dBm);traffic_model;traffic_load[pkt/s];pkt_size[bit];num_pkt_agg;capture_eff_mode;capture_eff_thr;constant_PER;PIFS_activated;CW_adaptation;CW;CW_stage
AP_A;0;A;15;15;0;5.25;4;0;0;3;15.0;-82.0;4;4166.5;12000;64;0;10;0.0;1;1;16;5
STA_A1;1;A;17.6013;18.181;0;5.25;4;0;0;3;15.0;-82.0;4;4166.5;12000;64;0;10;0.0;1;1;16;5
AP_B;0;B;1.1344;22.4259;0;5.25;4;0;0;3;15.0;-82.0;4;5529.801516462853;12000;64;0;10;0.0;1;1;16;5
STA_B1;1;B;4.1674;19.9509;0;5.25;4;0;0;3;15.0;-82.0;4;5529.801516462853;12000;64;0;10;0.0;1;1;16;5
AP_C;0;C;29.2425;2.4891;0;5.25;4;3;2;3;15.0;-82.0;4;5136.706932035041;12000;64;0;10;0.0;1;1;16;5
STA_C1;1;C;30.2464;4.5615;0;5.25;4;3;2;3;15.0;-82.0;4;5136.706932035041;12000;64;0;10;0.0;1;1;16;5
AP_D;0;D;17.0771;25.8833;0;5.25;4;3;0;3;15.0;-82.0;4;2722.0164271442663;12000;64;0;10;0.0;1;1;16;5
STA_D1;1;D;12.4991;27.1116;0;5.25;4;3;0;3;15.0;-82.0;4;2722.0164271442663;12000;64;0;10;0.0;1;1;16;5
