node_code;node_type;wlan_code;x(m);y(m);z(m);central_freq (GHz);channel_bonding_model;primary_channel;min_channel_allowed;max_channel_allowed;tx_power(dBm);cca(dBm);traffic_model;traffic_load[pkt/s];pkt_size[bit];num_pkt_agg;capture_eff_mode;capture_eff_thr;constant_PER;PIFS_activated;CW_adaptation;CW;CW_stage
AP_A;0;A;15;15;0;5.25;4;1;0;3;15.0;-82.0;1;4166.5;12000;64;0;10;0.0;1;1;16;5
STA_A1;1;A;13.2937;18.9263;0;5.25;4;1;0;3;15.0;-82.0;1;4166.5;12000;64;0;10;0.0;1;1;16;5
AP_B;0;B;2.331;18.2204;0;5.25;0;2;0;3;15.0;-82.0;1;6086.674066415848;12000;64;0;10;0.0;1;1;16;5
STA_B1;1;B;4.7623;21.6538;0;5.25;0;2;0;3;15.0;-82.0;1;6086.674066415848;12000;64;0;10;0.0;1;1;16;5
AP_C;0;C;1.7012;5.3309;0;5.25;0;3;2;3;15.0;-82.0;1;4731.295168143547;12000;64;0;10;0.0;1;1;16;5
STA_C1;1;C;0.201;5.0347;0;5.25;0;3;2;3;15.0;-82.0;1;4731.295168143547;12000;64;0;10;0.0;1;1;16;5
AP_D;0;D;26.4555;3.9812;0;5.25;4;3;0;3;15.0;-82.0;1;5807.652339748642;12000;64;0;10;0.0;1;1;16;5
STA_D1;1;D;23.9282;1.6556;0;5.25;4;3;0;3;15.0;-82.0;1;5807.652339748642;12000;64;0;10;0.0;1;1;16;5
