node_code;node_type;wlan_code;x(m);y(m);z(m);central_freq (GHz);channel_bonding_model;primary_channel;min_channel_allowed;max_channel_allowed;tx_power(dBm);cca(dBm);traffic_model;traffic_load[pkt/s];pkt_size[bit];num_pkt_agg;capture_eff_mode;capture_eff_thr;constant_PER;PIFS_activated;CW_adaptation;CW;CW_stage
AP_A;0;A;15;15;0;5.25;4;1;0;3;15.0;-82.0;4;1666.6;12000;64;0;10;0.0;1;1;16;5
STA_A1;1;A;14.1725;10.7823;0;5.25;4;1;0;3;15.0;-82.0;4;1666.6;12000;64;0;10;0.0;1;1;16;5
AP_B;0;B;19.1818;1.7489;0;5.25;0;1;0;3;15.0;-82.0;4;3822.102435897703;12000;64;0;10;0.0;1;1;16;5
STA_B1;1;B;17.9476;1.5048;0;5.25;0;1;0;3;15.0;-82.0;4;3822.102435897703;12000;64;0;10;0.0;1;1;16;5
AP_C;0;C;4.2905;8.7158;0;5.25;4;3;0;3;15.0;-82.0;4;3008.847076413197;12000;64;0;10;0.0;1;1;16;5
STA_C1;1;C;4.0157;5.9772;0;5.25;4;3;0;3;15.0;-82.0;4;3008.847076413197;12000;64;0;10;0.0;1;1;16;5
AP_D;0;D;25.7767;22.7908;0;5.25;0;0;0;3;15.0;-82.0;4;1759.0901473304457;12000;64;0;10;0.0;1;1;16;5
STA_D1;1;D;29.302;21.848;0;5.25;0;0;0;3;15.0;-82.0;4;1759.0901473304457;12000;64;0;10;0.0;1;1;16;5
