node_code;node_type;wlan_code;x(m);y(m);z(m);central_freq (GHz);channel_bonding_model;primary_channel;min_channel_allowed;max_channel_allowed;tx_power(dBm);cca(dBm);traffic_model;traffic_load[pkt/s];pkt_size[bit];num_pkt_agg;capture_eff_mode;capture_eff_thr;constant_PER;PIFS_activated;CW_adaptation;CW;CW_stage
AP_A;0;A;15;15;0;5.25;4;2;0;3;15.0;-82.0;4;4166.5;12000;64;0;10;0.0;1;1;16;5
STA_A1;1;A;18.118;12.9219;0;5.25;4;2;0;3;15.0;-82.0;4;4166.5;12000;64;0;10;0.0;1;1;16;5
AP_B;0;B;20.7546;25.2801;0;5.25;0;2;0;3;15.0;-82.0;4;6901.397041553083;12000;64;0;10;0.0;1;1;16;5
STA_B1;1;B;22.678;20.7333;0;5.25;0;2;0;3;15.0;-82.0;4;6901.397041553083;12000;64;0;10;0.0;1;1;16;5
AP_C;0;C;2.9743;8.19;0;5.25;0;0;0;3;15.0;-82.0;4;7875.945149830104;12000;64;0;10;0.0;1;1;16;5
STA_C1;1;C;3.2732;12.7257;0;5.25;0;0;0;3;15.0;-82.0;4;7875.945149830104;12000;64;0;10;0.0;1;1;16;5
AP_D;0;D;11.6247;2.2549;0;5.25;0;1;1;1;15.0;-82.0;4;7320.031434086056;12000;64;0;10;0.0;1;1;16;5
STA_D1;1;D;11.7305;7.0343;0;5.25;0;1;1;1;15.0;-82.0;4;7320.031434086056;12000;64;0;10;0.0;1;1;16;5
