node_code;node_type;wlan_code;x(m);y(m);z(m);central_freq (GHz);channel_bonding_model;primary_channel;min_channel_allowed;max_channel_allowed;tx_power(dBm);cca(dBm);traffic_model;traffic_load[pkt/s];pkt_size[bit];num_pkt_agg;capture_eff_mode;capture_eff_thr;constant_PER;PIFS_activated;CW_adaptation;CW;CW_stage
AP_A;0;A;15;15;0;5.25;4;1;0;3;15.0;-82.0;1;833.3;12000;64;0;10;0.0;1;1;16;5
STA_A1;1;A;12.6209;16.3731;0;5.25;4;1;0;3;15.0;-82.0;1;833.3;12000;64;0;10;0.0;1;1;16;5
AP_B;0;B;2.5661;22.737;0;5.25;4;3;2;3;15.0;-82.0;1;4890.712824988727;12000;64;0;10;0.0;1;1;16;5
STA_B1;1;B;-1.0527;25.0881;0;5.25;4;3;2;3;15.0;-82.0;1;4890.712824988727;12000;64;0;10;0.0;1;1;16;5
AP_C;0;C;20.6099;2.6228;0;5.25;0;3;0;3;15.0;-82.0;1;4744.017086784052;12000;64;0;10;0.0;1;1;16;5
STA_C1;1;C;17.9006;1.2732;0;5.25;0;3;0;3;15.0;-82.0;1;4744.017086784052;12000;64;0;10;0.0;1;1;16;5
AP_D;0;D;6.7937;3.2765;0;5.25;0;0;0;1;15.0;-82.0;1;2691.083037847689;12000;64;0;10;0.0;1;1;16;5
STA_D1;1;D;11.0499;4.4122;0;5.25;0;0;0;1;15.0;-82.0;1;2691.083037847689;12000;64;0;10;0.0;1;1;16;5
