node_code;node_type;wlan_code;x(m);y(m);z(m);central_freq (GHz);channel_bonding_model;primary_channel;min_channel_allowed;max_channel_allowed;tx_power(dBm);cca(dBm);traffic_model;traffic_load[pkt/s];pkt_size[bit];num_pkt_agg;capture_eff_mode;capture_eff_thr;constant_PER;PIFS_activated;CW_adaptation;CW;CW_stage
AP_A;0;A;15;15;0;5.25;4;1;0;3;15.0;-82.0;1;4166.5;12000;64;0;10;0.0;1;1;16;5
STA_A1;1;A;18.8685;11.8711;0;5.25;4;1;0;3;15.0;-82.0;1;4166.5;12000;64;0;10;0.0;1;1;16;5
AP_B;0;B;19.8716;28.9335;0;5.25;0;2;2;2;15.0;-82.0;1;3266.7957473020315;12000;64;0;10;0.0;1;1;16;5
STA_B1;1;B;21.7892;27.3218;0;5.25;0;2;2;2;15.0;-82.0;1;3266.7957473020315;12000;64;0;10;0.0;1;1;16;5
AP_C;0;C;0.1556;13.6405;0;5.25;4;3;2;3;15.0;-82.0;1;6446.6220767530085;12000;64;0;10;0.0;1;1;16;5
STA_C1;1;C;3.6713;10.129;0;5.25;4;3;2;3;15.0;-82.0;1;6446.6220767530085;12000;64;0;10;0.0;1;1;16;5
AP_D;0;D;10.1115;2.235;0;5.25;0;2;2;3;15.0;-82.0;1;1226.7720194703193;12000;64;0;10;0.0;1;1;16;5
STA_D1;1;D;6.4398;4.0789;0;5.25;0;2;2;3;15.0;-82.0;1;1226.7720194703193;12000;64;0;10;0.0;1;1;16;5
