node_code;node_type;wlan_code;x(m);y(m);z(m);central_freq (GHz);channel_bonding_model;primary_channel;min_channel_allowed;max_channel_allowed;tx_power(dBm);cca(dBm);traffic_model;traffic_load[pkt/s];pkt_size[bit];num_pkt_agg;capture_eff_mode;capture_eff_thr;constant_PER;PIFS_activated;CW_adaptation;CW;CW_stage
AP_A;0;A;15;15;0;5.25;4;2;0;3;15.0;-82.0;4;1666.6;12000;64;0;10;0.0;1;1;16;5
STA_A1;1;A;19.0507;14.8686;0;5.25;4;2;0;3;15.0;-82.0;4;1666.6;12000;64;0;10;0.0;1;1;16;5
AP_B;0;B;1.3531;14.6082;0;5.25;4;2;2;2;15.0;-82.0;4;977.2159605078164;12000;64;0;10;0.0;1;1;16;5
STA_B1;1;B;3.2011;16.6152;0;5.25;4;2;2;2;15.0;-82.0;4;977.2159605078164;12000;64;0;10;0.0;1;1;16;5
AP_C;0;C;21.3899;29.1677;0;5.25;4;1;0;1;15.0;-82.0;4;8319.280936513915;12000;64;0;10;0.0;1;1;16;5
STA_C1;1;C;24.5927;30.42;0;5.25;4;1;0;1;15.0;-82.0;4;8319.280936513915;12000;64;0;10;0.0;1;1;16;5
AP_D;0;D;17.8048;5.2511;0;5.25;0;1;0;1;15.0;-82.0;4;7380.511830531833;12000;64;0;10;0.0;1;1;16;5
STA_D1;1;D;17.8829;8.6833;0;5.25;0;1;0;1;15.0;-82.0;4;7380.511830531833;12000;64;0;10;0.0;1;1;16;5
