node_code;node_type;wlan_code;x(m);y(m);z(m);central_freq (GHz);channel_bonding_model;primary_channel;min_channel_allowed;max_channel_allowed;tx_power(dBm);cca(dBm);traffic_model;traffic_load[pkt/s];pkt_size[bit];num_pkt_agg;capture_eff_mode;capture_eff_thr;constant_PER;PIFS_activated;CW_adaptation;CW;CW_stage
AP_A;0;A;15;15;0;5.25;4;3;0;3;15.0;-82.0;1;4166.5;12000;64;0;10;0.0;1;1;16;5
STA_A1;1;A;12.4248;12.0066;0;5.25;4;3;0;3;15.0;-82.0;1;4166.5;12000;64;0;10;0.0;1;1;16;5
AP_B;0;B;5.1947;5.0758;0;5.25;0;2;0;3;15.0;-82.0;1;4336.748733930291;12000;64;0;10;0.0;1;1;16;5
STA_B1;1;B;0.288;4.7376;0;5.25;0;2;0;3;15.0;-82.0;1;4336.748733930291;12000;64;0;10;0.0;1;1;16;5
AP_C;0;C;26.3176;10.7086;0;5.25;0;1;1;1;15.0;-82.0;1;6270.058870769585;12000;64;0;10;0.0;1;1;16;5
STA_C1;1;C;26.042;12.5462;0;5.25;0;1;1;1;15.0;-82.0;1;6270.058870769585;12000;64;0;10;0.0;1;1;16;5
AP_D;0;D;21.4286;23.285;0;5.25;0;0;0;0;15.0;-82.0;1;7089.07816201581;12000;64;0;10;0.0;1;1;16;5
STA_D1;1;D;20.5149;19.4033;0;5.25;0;0;0;0;15.0;-82.0;1;7089.07816201581;12000;64;0;10;0.0;1;1;16;5
