node_code;node_type;wlan_code;x(m);y(m);z(m);central_freq (GHz);channel_bonding_model;primary_channel;min_channel_allowed;max_channel_allowed;tx_power(dBm);cca(dBm);traffic_model;traffic_load[pkt/s];pkt_size[bit];num_pkt_agg;capture_eff_mode;capture_eff_thr;constant_PER;PIFS_activated;CW_adaptation;CW;CW_stage
AP_A;0;A;15;15;0;5.25;4;2;0;3;15.0;-82.0;4;4166.5;12000;64;0;10;0.0;1;1;16;5
STA_A1;1;A;15.589;12.2149;0;5.25;4;2;0;3;15.0;-82.0;4;4166.5;12000;64;0;10;0.0;1;1;16;5
AP_B;0;B;8.4997;2.4688;0;5.25;0;3;0;3;15.0;-82.0;4;7611.662303228952;12000;64;0;10;0.0;1;1;16;5
STA_B1;1;B;10.9195;2.4099;0;5.25;0;3;0;3;15.0;-82.0;4;7611.662303228952;12000;64;0;10;0.0;1;1;16;5
AP_C;0;C;17.1718;24.9883;0;5.25;0;1;1;1;15.0;-82.0;4;1319.46208999296;12000;64;0;10;0.0;1;1;16;5
STA_C1;1;C;15.3681;20.9045;0;5.25;0;1;1;1;15.0;-82.0;4;1319.46208999296;12000;64;0;10;0.0;1;1;16;5
AP_D;0;D;2.3628;17.3375;0;5.25;0;2;2;2;15.0;-82.0;4;1583.9047750023333;12000;64;0;10;0.0;1;1;16;5
STA_D1;1;D;6.2584;19.9424;0;5.25;0;2;2;2;15.0;-82.0;4;1583.9047750023333;12000;64;0;10;0.0;1;1;16;5
