node_code;node_type;wlan_code;x(m);y(m);z(m);central_freq (GHz);channel_bonding_model;primary_channel;min_channel_allowed;max_channel_allowed;tx_power(dBm);cca(dBm);traffic_model;traffic_load[pkt/s];pkt_size[bit];num_pkt_agg;capture_eff_mode;capture_eff_thr;constant_PER;PIFS_activated;CW_adaptation;CW;CW_stage
AP_A;0;A;15;15;0;5.25;4;1;0;3;15.0;-82.0;1;4166.5;12000;64;0;10;0.0;1;1;16;5
STA_A1;1;A;17.3365;12.6771;0;5.25;4;1;0;3;15.0;-82.0;1;4166.5;12000;64;0;10;0.0;1;1;16;5
AP_B;0;B;27.0134;6.5624;0;5.25;0;1;0;3;15.0;-82.0;1;4061.409004826808;12000;64;0;10;0.0;1;1;16;5
STA_B1;1;B;28.1273;10.3753;0;5.25;0;1;0;3;15.0;-82.0;1;4061.409004826808;12000;64;0;10;0.0;1;1;16;5
AP_C;0;C;26.0602;19.5773;0;5.25;0;0;0;0;15.0;-82.0;1;7737.603230608732;12000;64;0;10;0.0;1;1;16;5
STA_C1;1;C;23.7045;18.5055;0;5.25;0;0;0;0;15.0;-82.0;1;7737.603230608732;12000;64;0;10;0.0;1;1;16;5
AP_D;0;D;16.4186;1.941;0;5.25;4;0;0;0;15.0;-82.0;1;5605.471743175553;12000;64;0;10;0.0;1;1;16;5
STA_D1;1;D;19.2519;1.4176;0;5.25;4;0;0;0;15.0;-82.0;1;5605.471743175553;12000;64;0;10;0.0;1;1;16;5
