node_code;node_type;wlan_code;x(m);y(m);z(m);central_freq (GHz);channel_bonding_model;primary_channel;min_channel_allowed;max_channel_allowed;tx_power(dBm);cca(dBm);traffic_model;traffic_load[pkt/s];pkt_size[bit];num_pkt_agg;capture_eff_mode;capture_eff_thr;constant_PER;PIFS_activated;CW_adaptation;CW;CW_stage
AP_A;0;A;15;15;0;5.25;4;2;0;3;15.0;-82.0;1;833.3;12000;64;0;10;0.0;1;1;16;5
STA_A1;1;A;15.2039;19.2264;0;5.25;4;2;0;3;15.0;-82.0;1;833.3;12000;64;0;10;0.0;1;1;16;5
AP_B;0;B;22.5381;6.7861;0;5.25;0;3;3;3;15.0;-82.0;1;6683.3906328574985;12000;64;0;10;0.0;1;1;16;5
STA_B1;1;B;22.1516;4.7365;0;5.25;0;3;3;3;15.0;-82.0;1;6683.3906328574985;12000;64;0;10;0.0;1;1;16;5
AP_C;0;C;18.1544;25.0484;0;5.25;0;3;0;3;15.0;-82.0;1;8215.602171892186;12000;64;0;10;0.0;1;1;16;5
STA_C1;1;C;17.0399;28.5715;0;5.25;0;3;0;3;15.0;-82.0;1;8215.602171892186;12000;64;0;10;0.0;1;1;16;5
AP_D;0;D;4.3703;0.2352;0;5.25;0;2;2;2;15.0;-82.0;1;3430.7746472970503;12000;64;0;10;0.0;1;1;16;5
STA_D1;1;D;0.7853;-1.7492;0;5.25;0;2;2;2;15.0;-82.0;1;3430.7746472970503;12000;64;0;10;0.0;1;1;16;5
