node_code;node_type;wlan_code;x(m);y(m);z(m);central_freq (GHz);channel_bonding_model;primary_channel;min_channel_allowed;max_channel_allowed;tx_power(dBm);cca(dBm);traffic_model;traffic_load[pkt/s];pkt_size[bit];num_pkt_agg;capture_eff_mode;capture_eff_thr;constant_PER;PIFS_activated;CW_adaptation;CW;CW_stage
AP_A;0;A;15;15;0;5.25;4;3;0;3;15.0;-82.0;1;4166.5;12000;64;0;10;0.0;1;1;16;5
STA_A1;1;A;16.8318;10.5542;0;5.25;4;3;0;3;15.0;-82.0;1;4166.5;12000;64;0;10;0.0;1;1;16;5
AP_B;0;B;29.2359;25.9508;0;5.25;0;2;2;2;15.0;-82.0;1;1109.676743155258;12000;64;0;10;0.0;1;1;16;5
STA_B1;1;B;28.3691;28.298;0;5.25;0;2;2;2;15.0;-82.0;1;1109.676743155258;12000;64;0;10;0.0;1;1;16;5
AP_C;0;C;28.4746;11.1463;0;5.25;4;0;0;1;15.0;-82.0;1;2979.843107681282;12000;64;0;10;0.0;1;1;16;5
STA_C1;1;C;30.098;14.0479;0;5.25;4;0;0;1;15.0;-82.0;1;2979.843107681282;12000;64;0;10;0.0;1;1;16;5
AP_D;0;D;6.9786;2.9973;0;5.25;4;1;0;3;15.0;-82.0;1;6016.582098664196;12000;64;0;10;0.0;1;1;16;5
STA_D1;1;D;10.9865;4.3377;0;5.25;4;1;0;3;15.0;-82.0;1;6016.582098664196;12000;64;0;10;0.0;1;1;16;5
