node_code;node_type;wlan_code;x(m);y(m);z(m);central_freq (GHz);channel_bonding_model;primary_channel;min_channel_allowed;max_channel_allowed;tx_power(dBm);cca(dBm);traffic_model;traffic_load[pkt/s];pkt_size[bit];num_pkt_agg;capture_eff_mode;capture_eff_thr;constant_PER;PIFS_activated;CW_adaptation;CW;CW_stage
AP_A;0;A;15;15;0;5.25;4;2;0;3;15.0;-82.0;4;8333.0;12000;64;0;10;0.0;1;1;16;5
STA_A1;1;A;12.0342;14.7091;0;5.25;4;2;0;3;15.0;-82.0;4;8333.0;12000;64;0;10;0.0;1;1;16;5
AP_B;0;B;10.699;26.9411;0;5.25;0;2;0;3;15.0;-82.0;4;4163.208023121507;12000;64;0;10;0.0;1;1;16;5
STA_B1;1;B;14.0423;24.5841;0;5.25;0;2;0;3;15.0;-82.0;4;4163.208023121507;12000;64;0;10;0.0;1;1;16;5
AP_C;0;C;14.1099;1.8426;0;5.25;0;2;2;3;15.0;-82.0;4;1820.8139712280467;12000;64;0;10;0.0;1;1;16;5
STA_C1;1;C;15.9202;4.1024;0;5.25;0;2;2;3;15.0;-82.0;4;1820.8139712280467;12000;64;0;10;0.0;1;1;16;5
AP_D;0;D;26.9343;12.1615;0;5.25;0;3;3;3;15.0;-82.0;4;1130.4805487331755;12000;64;0;10;0.0;1;1;16;5
STA_D1;1;D;29.8452;8.8438;0;5.25;0;3;3;3;15.0;-82.0;4;1130.4805487331755;12000;64;0;10;0.0;1;1;16;5
