node_code;node_type;wlan_code;x(m);y(m);z(m);central_freq (GHz);channel_bonding_model;primary_channel;min_channel_allowed;max_channel_allowed;tx_power(dBm);cca(dBm);traffic_model;traffic_load[pkt/s];pkt_size[bit];num_pkt_agg;capture_eff_mode;capture_eff_thr;constant_PER;PIFS_activated;CW_adaptation;CW;CW_stage
AP_A;0;A;15;15;0;5.25;4;3;0;3;15.0;-82.0;1;8333.0;12000;64;0;10;0.0;1;1;16;5
STA_A1;1;A;10.9331;16.7218;0;5.25;4;3;0;3;15.0;-82.0;1;8333.0;12000;64;0;10;0.0;1;1;16;5
AP_B;0;B;19.8983;27.4746;0;5.25;0;3;0;3;15.0;-82.0;1;1791.3761399572502;12000;64;0;10;0.0;1;1;16;5
STA_B1;1;B;23.8502;26.7047;0;5.25;0;3;0;3;15.0;-82.0;1;1791.3761399572502;12000;64;0;10;0.0;1;1;16;5
AP_C;0;C;19.2592;4.4931;0;5.25;0;0;0;3;15.0;-82.0;1;1993.41129094269;12000;64;0;10;0.0;1;1;16;5
STA_C1;1;C;17.3108;8.2119;0;5.25;0;0;0;3;15.0;-82.0;1;1993.41129094269;12000;64;0;10;0.0;1;1;16;5
AP_D;0;D;0.7648;2.6334;0;5.25;4;2;0;3;15.0;-82.0;1;6159.362789121934;12000;64;0;10;0.0;1;1;16;5
STA_D1;1;D;-3.4886;2.9372;0;5.25;4;2;0;3;15.0;-82.0;1;6159.362789121934;12000;64;0;10;0.0;1;1;16;5
