node_code;node_type;wlan_code;x(m);y(m);z(m);central_freq (GHz);channel_bonding_model;primary_channel;min_channel_allowed;max_channel_allowed;tx_power(dBm);cca(dBm);traffic_model;traffic_load[pkt/s];pkt_size[bit];num_pkt_agg;capture_eff_mode;capture_eff_thr;constant_PER;PIFS_activated;CW_adaptation;CW;CW_stage
AP_A;0;A;15;15;0;5.25;4;3;0;3;15.0;-82.0;1;4166.5;12000;64;0;10;0.0;1;1;16;5
STA_A1;1;A;12.0813;14.0142;0;5.25;4;3;0;3;15.0;-82.0;1;4166.5;12000;64;0;10;0.0;1;1;16;5
AP_B;0;B;9.7387;23.7116;0;5.25;4;3;0;3;15.0;-82.0;1;8098.805467698847;12000;64;0;10;0.0;1;1;16;5
STA_B1;1;B;12.7806;25.419;0;5.25;4;3;0;3;15.0;-82.0;1;8098.805467698847;12000;64;0;10;0.0;1;1;16;5
AP_C;0;C;25.0419;12.4791;0;5.25;4;0;0;1;15.0;-82.0;1;3686.856529242189;12000;64;0;10;0.0;1;1;16;5
STA_C1;1;C;22.6734;11.4378;0;5.25;4;0;0;1;15.0;-82.0;1;3686.856529242189;12000;64;0;10;0.0;1;1;16;5
AP_D;0;D;21.7159;28.0407;0;5.25;4;3;3;3;15.0;-82.0;1;1702.6040384199064;12000;64;0;10;0.0;1;1;16;5
STA_D1;1;D;24.9812;27.254;0;5.25;4;3;3;3;15.0;-82.0;1;1702.6040384199064;12000;64;0;10;0.0;1;1;16;5
