node_code;node_type;wlan_code;x(m);y(m);z(m);central_freq (GHz);channel_bonding_model;primary_channel;min_channel_allowed;max_channel_allowed;tx_power(dBm);cca(dBm);traffic_model;traffic_load[pkt/s];pkt_size[bit];num_pkt_agg;capture_eff_mode;capture_eff_thr;constant_PER;PIFS_activated;CW_adaptation;CW;CW_stage
AP_A;0;A;15;15;0;5.25;4;1;0;3;15.0;-82.0;1;8333.0;12000;64;0;10;0.0;1;1;16;5
STA_A1;1;A;19.5508;14.5349;0;5.25;4;1;0;3;15.0;-82.0;1;8333.0;12000;64;0;10;0.0;1;1;16;5
AP_B;0;B;7.7468;22.8355;0;5.25;4;2;0;3;15.0;-82.0;1;3064.040935996195;12000;64;0;10;0.0;1;1;16;5
STA_B1;1;B;4.3801;24.9892;0;5.25;4;2;0;3;15.0;-82.0;1;3064.040935996195;12000;64;0;10;0.0;1;1;16;5
AP_C;0;C;16.5549;29.4636;0;5.25;4;3;3;3;15.0;-82.0;1;6103.156022867033;12000;64;0;10;0.0;1;1;16;5
STA_C1;1;C;13.9232;33.4029;0;5.25;4;3;3;3;15.0;-82.0;1;6103.156022867033;12000;64;0;10;0.0;1;1;16;5
AP_D;0;D;28.1696;13.039;0;5.25;4;2;2;2;15.0;-82.0;1;6753.646931164666;12000;64;0;10;0.0;1;1;16;5
STA_D1;1;D;26.3219;14.8865;0;5.25;4;2;2;2;15.0;-82.0;1;6753.646931164666;12000;64;0;10;0.0;1;1;16;5
