node_code;node_type;wlan_code;x(m);y(m);z(m);central_freq (GHz);channel_bonding_model;primary_channel;min_channel_allowed;max_channel_allowed;tx_power(dBm);cca(dBm);traffic_model;traffic_load[pkt/s];pkt_size[bit];num_pkt_agg;capture_eff_mode;capture_eff_thr;constant_PER;PIFS_activated;CW_adaptation;CW;CW_stage
AP_A;0;A;15;15;0;5.25;4;1;0;3;15.0;-82.0;1;4166.5;12000;64;0;10;0.0;1;1;16;5
STA_A1;1;A;13.3239;17.7663;0;5.25;4;1;0;3;15.0;-82.0;1;4166.5;12000;64;0;10;0.0;1;1;16;5
AP_B;0;B;27.7856;22.6285;0;5.25;0;0;0;3;15.0;-82.0;1;2063.5411408556893;12000;64;0;10;0.0;1;1;16;5
STA_B1;1;B;26.6292;21.6601;0;5.25;0;0;0;3;15.0;-82.0;1;2063.5411408556893;12000;64;0;10;0.0;1;1;16;5
AP_C;0;C;15.6574;29.1746;0;5.25;4;3;2;3;15.0;-82.0;1;7042.629757758407;12000;64;0;10;0.0;1;1;16;5
STA_C1;1;C;16.1291;24.9065;0;5.25;4;3;2;3;15.0;-82.0;1;7042.629757758407;12000;64;0;10;0.0;1;1;16;5
AP_D;0;D;29.1548;11.2488;0;5.25;4;2;0;3;15.0;-82.0;1;1937.6630961007074;12000;64;0;10;0.0;1;1;16;5
STA_D1;1;D;29.3499;15.9527;0;5.25;4;2;0;3;15.0;-82.0;1;1937.6630961007074;12000;64;0;10;0.0;1;1;16;5
