node_code;node_type;wlan_code;x(m);y(m);z(m);central_freq (GHz);channel_bonding_model;primary_channel;min_channel_allowed;max_channel_allowed;tx_power(dBm);cca(dBm);traffic_model;traffic_load[pkt/s];pkt_size[bit];num_pkt_agg;capture_eff_mode;capture_eff_thr;constant_PER;PIFS_activated;CW_adaptation;CW;CW_stage
AP_A;0;A;15;15;0;5.25;4;1;0;3;15.0;-82.0;4;1666.6;12000;64;0;10;0.0;1;1;16;5
STA_A1;1;A;13.9414;18.368;0;5.25;4;1;0;3;15.0;-82.0;4;1666.6;12000;64;0;10;0.0;1;1;16;5
AP_B;0;B;19.809;26.8465;0;5.25;0;3;2;3;15.0;-82.0;4;7485.976844954183;12000;64;0;10;0.0;1;1;16;5
STA_B1;1;B;21.5053;25.9574;0;5.25;0;3;2;3;15.0;-82.0;4;7485.976844954183;12000;64;0;10;0.0;1;1;16;5
AP_C;0;C;0.6292;22.0601;0;5.25;0;1;0;1;15.0;-82.0;4;1958.7135248581542;12000;64;0;10;0.0;1;1;16;5
STA_C1;1;C;4.758;23.0082;0;5.25;0;1;0;1;15.0;-82.0;4;1958.7135248581542;12000;64;0;10;0.0;1;1;16;5
AP_D;0;D;0.9175;4.0304;0;5.25;0;1;1;1;15.0;-82.0;4;3161.5263392562583;12000;64;0;10;0.0;1;1;16;5
STA_D1;1;D;0.1809;-0.7216;0;5.25;0;1;1;1;15.0;-82.0;4;3161.5263392562583;12000;64;0;10;0.0;1;1;16;5
