node_code;node_type;wlan_code;x(m);y(m);z(m);central_freq (GHz);channel_bonding_model;primary_channel;min_channel_allowed;max_channel_allowed;tx_power(dBm);cca(dBm);traffic_model;traffic_load[pkt/s];pkt_size[bit];num_pkt_agg;capture_eff_mode;capture_eff_thr;constant_PER;PIFS_activated;CW_adaptation;CW;CW_stage
AP_A;0;A;15;15;0;5.25;4;2;0;3;15.0;-82.0;1;8333.0;12000;64;0;10;0.0;1;1;16;5
STA_A1;1;A;17.1182;18.5726;0;5.25;4;2;0;3;15.0;-82.0;1;8333.0;12000;64;0;10;0.0;1;1;16;5
AP_B;0;B;3.8754;20.7973;0;5.25;4;0;0;0;15.0;-82.0;1;5809.661175477159;12000;64;0;10;0.0;1;1;16;5
STA_B1;1;B;0.165;22.325;0;5.25;4;0;0;0;15.0;-82.0;1;5809.661175477159;12000;64;0;10;0.0;1;1;16;5
AP_C;0;C;28.2253;25.639;0;5.25;4;1;1;1;15.0;-82.0;1;2582.1069266043637;12000;64;0;10;0.0;1;1;16;5
STA_C1;1;C;25.3527;26.0906;0;5.25;4;1;1;1;15.0;-82.0;1;2582.1069266043637;12000;64;0;10;0.0;1;1;16;5
AP_D;0;D;3.9154;10.0966;0;5.25;4;3;0;3;15.0;-82.0;1;2449.7579179290024;12000;64;0;10;0.0;1;1;16;5
STA_D1;1;D;5.8188;14.1931;0;5.25;4;3;0;3;15.0;-82.0;1;2449.7579179290024;12000;64;0;10;0.0;1;1;16;5
