node_code;node_type;wlan_code;x(m);y(m);z(m);central_freq (GHz);channel_bonding_model;primary_channel;min_channel_allowed;max_channel_allowed;tx_power(dBm);cca(dBm);traffic_model;traffic_load[pkt/s];pkt_size[bit];num_pkt_agg;capture_eff_mode;capture_eff_thr;constant_PER;PIFS_activated;CW_adaptation;CW;CW_stage
AP_A;0;A;15;15;0;5.25;4;0;0;3;15.0;-82.0;4;1666.6;12000;64;0;10;0.0;1;1;16;5
STA_A1;1;A;19.3672;16.8137;0;5.25;4;0;0;3;15.0;-82.0;4;1666.6;12000;64;0;10;0.0;1;1;16;5
AP_B;0;B;3.4991;29.0013;0;5.25;0;0;0;3;15.0;-82.0;4;1508.0846731506408;12000;64;0;10;0.0;1;1;16;5
STA_B1;1;B;0.5989;31.1564;0;5.25;0;0;0;3;15.0;-82.0;4;1508.0846731506408;12000;64;0;10;0.0;1;1;16;5
AP_C;0;C;26.0273;5.966;0;5.25;4;2;0;3;15.0;-82.0;4;2559.939997192093;12000;64;0;10;0.0;1;1;16;5
STA_C1;1;C;24.9082;1.8863;0;5.25;4;2;0;3;15.0;-82.0;4;2559.939997192093;12000;64;0;10;0.0;1;1;16;5
AP_D;0;D;25.1433;17.2909;0;5.25;0;1;1;1;15.0;-82.0;4;4118.785813330107;12000;64;0;10;0.0;1;1;16;5
STA_D1;1;D;27.188;17.1406;0;5.25;0;1;1;1;15.0;-82.0;4;4118.785813330107;12000;64;0;10;0.0;1;1;16;5
