node_code;node_type;wlan_code;x(m);y(m);z(m);central_freq (GHz);channel_bonding_model;primary_channel;min_channel_allowed;max_channel_allowed;tx_power(dBm);cca(dBm);traffic_model;traffic_load[pkt/s];pkt_size[bit];num_pkt_agg;capture_eff_mode;capture_eff_thr;constant_PER;PIFS_activated;CW_adaptation;CW;CW_stage
AP_A;0;A;15;15;0;5.25;4;3;0;3;15.0;-82.0;1;4166.5;12000;64;0;10;0.0;1;1;16;5
STA_A1;1;A;16.5142;19.4139;0;5.25;4;3;0;3;15.0;-82.0;1;4166.5;12000;64;0;10;0.0;1;1;16;5
AP_B;0;B;1.5614;18.2288;0;5.25;4;0;0;3;15.0;-82.0;1;3525.919565060127;12000;64;0;10;0.0;1;1;16;5
STA_B1;1;B;3.0932;16.0535;0;5.25;4;0;0;3;15.0;-82.0;1;3525.919565060127;12000;64;0;10;0.0;1;1;16;5
AP_C;0;C;8.9625;28.3972;0;5.25;4;3;0;3;15.0;-82.0;1;3537.1101002793966;12000;64;0;10;0.0;1;1;16;5
STA_C1;1;C;5.0214;29.0319;0;5.25;4;3;0;3;15.0;-82.0;1;3537.1101002793966;12000;64;0;10;0.0;1;1;16;5
AP_D;0;D;25.9351;2.497;0;5.25;4;0;0;1;15.0;-82.0;1;3802.7795055149836;12000;64;0;10;0.0;1;1;16;5
STA_D1;1;D;24.6279;0.1485;0;5.25;4;0;0;1;15.0;-82.0;1;3802.7795055149836;12000;64;0;10;0.0;1;1;16;5
