node_code;node_type;wlan_code;x(m);y(m);z(m);central_freq (GHz);channel_bonding_model;primary_channel;min_channel_allowed;max_channel_allowed;tx_power(dBm);cca(dBm);traffic_model;traffic_load[pkt/s];pkt_size[bit];num_pkt_agg;capture_eff_mode;capture_eff_thr;constant_PER;PIFS_activated;CW_adaptation;CW;CW_stage
AP_A;0;A;15;15;0;5.25;4;1;0;3;15.0;-82.0;1;1666.6;12000;64;0;10;0.0;1;1;16;5
STA_A1;1;A;17.6347;18.4291;0;5.25;4;1;0;3;15.0;-82.0;1;1666.6;12000;64;0;10;0.0;1;1;16;5
AP_B;0;B;25.1002;22.3746;0;5.25;0;1;0;3;15.0;-82.0;1;2294.6984630185607;12000;64;0;10;0.0;1;1;16;5
STA_B1;1;B;20.318;21.2568;0;5.25;0;1;0;3;15.0;-82.0;1;2294.6984630185607;12000;64;0;10;0.0;1;1;16;5
AP_C;0;C;4.644;25.775;0;5.25;4;0;0;3;15.0;-82.0;1;7336.538329698363;12000;64;0;10;0.0;1;1;16;5
STA_C1;1;C;5.657;22.3253;0;5.25;4;0;0;3;15.0;-82.0;1;7336.538329698363;12000;64;0;10;0.0;1;1;16;5
AP_D;0;D;17.5819;29.3743;0;5.25;0;3;2;3;15.0;-82.0;1;1654.8992056748298;12000;64;0;10;0.0;1;1;16;5
STA_D1;1;D;21.3934;29.233;0;5.25;0;3;2;3;15.0;-82.0;1;1654.8992056748298;12000;64;0;10;0.0;1;1;16;5
