node_code;node_type;wlan_code;x(m);y(m);z(m);central_freq (GHz);channel_bonding_model;primary_channel;min_channel_allowed;max_channel_allowed;tx_power(dBm);cca(dBm);traffic_model;traffic_load[pkt/s];pkt_size[bit];num_pkt_agg;capture_eff_mode;capture_eff_thr;constant_PER;PIFS_activated;CW_adaptation;CW;CW_stage
AP_A;0;A;15;15;0;5.25;4;2;0;3;15.0;-82.0;1;833.3;12000;64;0;10;0.0;1;1;16;5
STA_A1;1;A;16.0073;10.996;0;5.25;4;2;0;3;15.0;-82.0;1;833.3;12000;64;0;10;0.0;1;1;16;5
AP_B;0;B;5.0456;29.3303;0;5.25;0;1;0;1;15.0;-82.0;1;5508.401065295117;12000;64;0;10;0.0;1;1;16;5
STA_B1;1;B;0.294;29.8011;0;5.25;0;1;0;1;15.0;-82.0;1;5508.401065295117;12000;64;0;10;0.0;1;1;16;5
AP_C;0;C;9.0417;5.9134;0;5.25;0;0;0;0;15.0;-82.0;1;3377.440029076365;12000;64;0;10;0.0;1;1;16;5
STA_C1;1;C;8.6135;7.6773;0;5.25;0;0;0;0;15.0;-82.0;1;3377.440029076365;12000;64;0;10;0.0;1;1;16;5
AP_D;0;D;18.2281;29.1809;0;5.25;0;2;2;2;15.0;-82.0;1;5972.280589443883;12000;64;0;10;0.0;1;1;16;5
STA_D1;1;D;20.9999;31.6795;0;5.25;0;2;2;2;15.0;-82.0;1;5972.280589443883;12000;64;0;10;0.0;1;1;16;5
