node_code;node_type;wlan_code;x(m);y(m);z(m);central_freq (GHz);channel_bonding_model;primary_channel;min_channel_allowed;max_channel_allowed;tx_power(dBm);cca(dBm);traffic_model;traffic_load[pkt/s];pkt_size[bit];num_pkt_agg;capture_eff_mode;capture_eff_thr;constant_PER;PIFS_activated;CW_adaptation;CW;CW_stage
AP_A;0;A;15;15;0;5.25;4;3;0;3;15.0;-82.0;1;4166.5;12000;64;0;10;0.0;1;1;16;5
STA_A1;1;A;17.5274;17.2976;0;5.25;4;3;0;3;15.0;-82.0;1;4166.5;12000;64;0;10;0.0;1;1;16;5
AP_B;0;B;23.9275;29.0029;0;5.25;0;2;0;3;15.0;-82.0;1;5614.514156920351;12000;64;0;10;0.0;1;1;16;5
STA_B1;1;B;19.5177;28.0532;0;5.25;0;2;0;3;15.0;-82.0;1;5614.514156920351;12000;64;0;10;0.0;1;1;16;5
AP_C;0;C;27.3177;7.1397;0;5.25;4;2;2;3;15.0;-82.0;1;7423.803493789404;12000;64;0;10;0.0;1;1;16;5
STA_C1;1;C;31.6472;8.1415;0;5.25;4;2;2;3;15.0;-82.0;1;7423.803493789404;12000;64;0;10;0.0;1;1;16;5
AP_D;0;D;6.1904;21.536;0;5.25;4;2;2;3;15.0;-82.0;1;2807.428352371894;12000;64;0;10;0.0;1;1;16;5
STA_D1;1;D;2.4038;21.7966;0;5.25;4;2;2;3;15.0;-82.0;1;2807.428352371894;12000;64;0;10;0.0;1;1;16;5
