node_code;node_type;wlan_code;x(m);y(m);z(m);central_freq (GHz);channel_bonding_model;primary_channel;min_channel_allowed;max_channel_allowed;tx_power(dBm);cca(dBm);traffic_model;traffic_load[pkt/s];pkt_size[bit];num_pkt_agg;capture_eff_mode;capture_eff_thr;constant_PER;PIFS_activated;CW_adaptation;CW;CW_stage
AP_A;0;A;15;15;0;5.25;4;1;0;3;15.0;-82.0;4;4166.5;12000;64;0;10;0.0;1;1;16;5
STA_A1;1;A;14.8344;12.4538;0;5.25;4;1;0;3;15.0;-82.0;4;4166.5;12000;64;0;10;0.0;1;1;16;5
AP_B;0;B;29.8573;22.2824;0;5.25;4;2;2;2;15.0;-82.0;4;1304.7736212076477;12000;64;0;10;0.0;1;1;16;5
STA_B1;1;B;29.7022;18.3663;0;5.25;4;2;2;2;15.0;-82.0;4;1304.7736212076477;12000;64;0;10;0.0;1;1;16;5
AP_C;0;C;1.76;17.3497;0;5.25;0;0;0;0;15.0;-82.0;4;2275.729263328779;12000;64;0;10;0.0;1;1;16;5
STA_C1;1;C;0.737;21.1623;0;5.25;0;0;0;0;15.0;-82.0;4;2275.729263328779;12000;64;0;10;0.0;1;1;16;5
AP_D;0;D;24.893;4.1828;0;5.25;4;3;0;3;15.0;-82.0;4;6970.82987853785;12000;64;0;10;0.0;1;1;16;5
STA_D1;1;D;27.1224;0.6011;0;5.25;4;3;0;3;15.0;-82.0;4;6970.82987853785;12000;64;0;10;0.0;1;1;16;5
