node_code;node_type;wlan_code;x(m);y(m);z(m);central_freq (GHz);channel_bonding_model;primary_channel;min_channel_allowed;max_channel_allowed;tx_power(dBm);cca(dBm);traffic_model;traffic_load[pkt/s];pkt_size[bit];num_pkt_agg;capture_eff_mode;capture_eff_thr;constant_PER;PIFS_activated;CW_adaptation;CW;CW_stage
AP_A;0;A;15;15;0;5.25;4;1;0;3;15.0;-82.0;4;833.3;12000;64;0;10;0.0;1;1;16;5
STA_A1;1;A;17.8606;18.8746;0;5.25;4;1;0;3;15.0;-82.0;4;833.3;12000;64;0;10;0.0;1;1;16;5
AP_B;0;B;22.5174;25.2823;0;5.25;0;1;0;1;15.0;-82.0;4;6949.864352945942;12000;64;0;10;0.0;1;1;16;5
STA_B1;1;B;18.826;25.2411;0;5.25;0;1;0;1;15.0;-82.0;4;6949.864352945942;12000;64;0;10;0.0;1;1;16;5
AP_C;0;C;2.3795;7.2885;0;5.25;4;3;0;3;15.0;-82.0;4;2341.0961289762927;12000;64;0;10;0.0;1;1;16;5
STA_C1;1;C;3.8088;10.4714;0;5.25;4;3;0;3;15.0;-82.0;4;2341.0961289762927;12000;64;0;10;0.0;1;1;16;5
AP_D;0;D;24.3997;8.344;0;5.25;4;2;0;3;15.0;-82.0;4;7806.857762300945;12000;64;0;10;0.0;1;1;16;5
STA_D1;1;D;22.4907;8.9081;0;5.25;4;2;0;3;15.0;-82.0;4;7806.857762300945;12000;64;0;10;0.0;1;1;16;5
