node_code;node_type;wlan_code;x(m);y(m);z(m);central_freq (GHz);channel_bonding_model;primary_channel;min_channel_allowed;max_channel_allowed;tx_power(dBm);cca(dBm);traffic_model;traffic_load[pkt/s];pkt_size[bit];num_pkt_agg;capture_eff_mode;capture_eff_thr;constant_PER;PIFS_activated;CW_adaptation;CW;CW_stage
AP_A;0;A;15;15;0;5.25;4;2;0;3;15.0;-82.0;1;4166.5;12000;64;0;10;0.0;1;1;16;5
STA_A1;1;A;17.2104;16.3677;0;5.25;4;2;0;3;15.0;-82.0;1;4166.5;12000;64;0;10;0.0;1;1;16;5
AP_B;0;B;2.5839;3.375;0;5.25;0;0;0;3;15.0;-82.0;1;4078.151002192635;12000;64;0;10;0.0;1;1;16;5
STA_B1;1;B;0.2183;3.3779;0;5.25;0;0;0;3;15.0;-82.0;1;4078.151002192635;12000;64;0;10;0.0;1;1;16;5
AP_C;0;C;1.8765;25.3333;0;5.25;0;3;0;3;15.0;-82.0;1;6333.503509889868;12000;64;0;10;0.0;1;1;16;5
STA_C1;1;C;2.3823;28.3624;0;5.25;0;3;0;3;15.0;-82.0;1;6333.503509889868;12000;64;0;10;0.0;1;1;16;5
AP_D;0;D;29.3837;23.0114;0;5.25;0;1;1;1;15.0;-82.0;1;3882.610851107487;12000;64;0;10;0.0;1;1;16;5
STA_D1;1;D;31.4994;20.8927;0;5.25;0;1;1;1;15.0;-82.0;1;3882.610851107487;12000;64;0;10;0.0;1;1;16;5
