node_code;node_type;wlan_code;x(m);y(m);z(m);central_freq (GHz);channel_bonding_model;primary_channel;min_channel_allowed;max_channel_allowed;tx_power(dBm);cca(dBm);traffic_model;traffic_load[pkt/s];pkt_size[bit];num_pkt_agg;capture_eff_mode;capture_eff_thr;constant_PER;PIFS_activated;CW_adaptation;CW;CW_stage
AP_A;0;A;15;15;0;5.25;4;1;0;3;15.0;-82.0;1;1666.6;12000;64;0;10;0.0;1;1;16;5
STA_A1;1;A;11.8453;18.3542;0;5.25;4;1;0;3;15.0;-82.0;1;1666.6;12000;64;0;10;0.0;1;1;16;5
AP_B;0;B;1.6086;10.3187;0;5.25;4;2;0;3;15.0;-82.0;1;5653.098517222202;12000;64;0;10;0.0;1;1;16;5
STA_B1;1;B;4.8209;7.269;0;5.25;4;2;0;3;15.0;-82.0;1;5653.098517222202;12000;64;0;10;0.0;1;1;16;5
AP_C;0;C;27.3769;25.229;0;5.25;4;2;2;2;15.0;-82.0;1;4205.727399808528;12000;64;0;10;0.0;1;1;16;5
STA_C1;1;C;24.6928;27.6089;0;5.25;4;2;2;2;15.0;-82.0;1;4205.727399808528;12000;64;0;10;0.0;1;1;16;5
AP_D;0;D;13.853;1.1983;0;5.25;0;2;0;3;15.0;-82.0;1;1839.617324158493;12000;64;0;10;0.0;1;1;16;5
STA_D1;1;D;12.3497;-0.5406;0;5.25;0;2;0;3;15.0;-82.0;1;1839.617324158493;12000;64;0;10;0.0;1;1;16;5
