node_code;node_type;wlan_code;x(m);y(m);z(m);central_freq (GHz);channel_bonding_model;primary_channel;min_channel_allowed;max_channel_allowed;tx_power(dBm);cca(dBm);traffic_model;traffic_load[pkt/s];pkt_size[bit];num_pkt_agg;capture_eff_mode;capture_eff_thr;constant_PER;PIFS_activated;CW_adaptation;CW;CW_stage
AP_A;0;A;15;15;0;5.25;4;0;0;3;15.0;-82.0;4;4166.5;12000;64;0;10;0.0;1;1;16;5
STA_A1;1;A;11.5647;11.4822;0;5.25;4;0;0;3;15.0;-82.0;4;4166.5;12000;64;0;10;0.0;1;1;16;5
AP_B;0;B;3.9319;19.6242;0;5.25;0;3;3;3;15.0;-82.0;4;1970.1727425528736;12000;64;0;10;0.0;1;1;16;5
STA_B1;1;B;6.6616;23.1382;0;5.25;0;3;3;3;15.0;-82.0;4;1970.1727425528736;12000;64;0;10;0.0;1;1;16;5
AP_C;0;C;27.1642;9.5161;0;5.25;4;2;2;3;15.0;-82.0;4;7955.220722752752;12000;64;0;10;0.0;1;1;16;5
STA_C1;1;C;30.8617;12.3605;0;5.25;4;2;2;3;15.0;-82.0;4;7955.220722752752;12000;64;0;10;0.0;1;1;16;5
AP_D;0;D;6.9321;0.9754;0;5.25;4;1;0;3;15.0;-82.0;4;859.9754030064202;12000;64;0;10;0.0;1;1;16;5
STA_D1;1;D;10.5891;2.6953;0;5.25;4;1;0;3;15.0;-82.0;4;859.9754030064202;12000;64;0;10;0.0;1;1;16;5
