node_code;node_type;wlan_code;x(m);y(m);z(m);central_freq (GHz);channel_bonding_model;primary_channel;min_channel_allowed;max_channel_allowed;tx_power(dBm);cca(dBm);traffic_model;traffic_load[pkt/s];pkt_size[bit];num_pkt_agg;capture_eff_mode;capture_eff_thr;constant_PER;PIFS_activated;CW_adaptation;CW;CW_stage
AP_A;0;A;15;15;0;5.25;4;0;0;3;15.0;-82.0;1;4166.5;12000;64;0;10;0.0;1;1;16;5
STA_A1;1;A;13.7154;16.8954;0;5.25;4;0;0;3;15.0;-82.0;1;4166.5;12000;64;0;10;0.0;1;1;16;5
AP_B;0;B;4.9573;15.2855;0;5.25;4;2;2;3;15.0;-82.0;1;5086.224998850255;12000;64;0;10;0.0;1;1;16;5
STA_B1;1;B;4.0297;19.9782;0;5.25;4;2;2;3;15.0;-82.0;1;5086.224998850255;12000;64;0;10;0.0;1;1;16;5
AP_C;0;C;27.9641;4.0794;0;5.25;0;3;0;3;15.0;-82.0;1;1487.4567071173628;12000;64;0;10;0.0;1;1;16;5
STA_C1;1;C;24.1429;6.1493;0;5.25;0;3;0;3;15.0;-82.0;1;1487.4567071173628;12000;64;0;10;0.0;1;1;16;5
AP_D;0;D;29.0161;26.8964;0;5.25;4;0;0;1;15.0;-82.0;1;3064.1874191153856;12000;64;0;10;0.0;1;1;16;5
STA_D1;1;D;30.2563;26.0368;0;5.25;4;0;0;1;15.0;-82.0;1;3064.1874191153856;12000;64;0;10;0.0;1;1;16;5
