node_code;node_type;wlan_code;x(m);y(m);z(m);central_freq (GHz);channel_bonding_model;primary_channel;min_channel_allowed;max_channel_allowed;tx_power(dBm);cca(dBm);traffic_model;traffic_load[pkt/s];pkt_size[bit];num_pkt_agg;capture_eff_mode;capture_eff_thr;constant_PER;PIFS_activated;CW_adaptation;CW;CW_stage
AP_A;0;A;15;15;0;5.25;4;1;0;3;15.0;-82.0;4;8333.0;12000;64;0;10;0.0;1;1;16;5
STA_A1;1;A;13.4906;16.0922;0;5.25;4;1;0;3;15.0;-82.0;4;8333.0;12000;64;0;10;0.0;1;1;16;5
AP_B;0;B;18.8253;29.6058;0;5.25;0;0;0;3;15.0;-82.0;4;2267.552919021746;12000;64;0;10;0.0;1;1;16;5
STA_B1;1;B;21.3546;27.0433;0;5.25;0;0;0;3;15.0;-82.0;4;2267.552919021746;12000;64;0;10;0.0;1;1;16;5
AP_C;0;C;22.9918;8.0586;0;5.25;0;3;0;3;15.0;-82.0;4;1171.7965357290486;12000;64;0;10;0.0;1;1;16;5
STA_C1;1;C;25.5946;6.4717;0;5.25;0;3;0;3;15.0;-82.0;4;1171.7965357290486;12000;64;0;10;0.0;1;1;16;5
AP_D;0;D;9.3523;0.6145;0;5.25;0;1;0;1;15.0;-82.0;4;847.6354570248108;12000;64;0;10;0.0;1;1;16;5
STA_D1;1;D;10.5214;4.6745;0;5.25;0;1;0;1;15.0;-82.0;4;847.6354570248108;12000;64;0;10;0.0;1;1;16;5
