node_code;node_type;wlan_code;x(m);y(m);z(m);central_freq (GHz);channel_bonding_model;primary_channel;min_channel_allowed;max_channel_allowed;tx_power(dBm);cca(dBm);traffic_model;traffic_load[pkt/s];pkt_size[bit];num_pkt_agg;capture_eff_mode;capture_eff_thr;constant_PER;PIFS_activated;CW_adaptation;CW;CW_stage
AP_A;0;A;15;15;0;5.25;4;2;0;3;15.0;-82.0;4;4166.5;12000;64;0;10;0.0;1;1;16;5
STA_A1;1;A;18.1672;14.9438;0;5.25;4;2;0;3;15.0;-82.0;4;4166.5;12000;64;0;10;0.0;1;1;16;5
AP_B;0;B;8.527;4.7866;0;5.25;0;2;2;2;15.0;-82.0;4;1534.7865143044314;12000;64;0;10;0.0;1;1;16;5
STA_B1;1;B;8.9822;3.432;0;5.25;0;2;2;2;15.0;-82.0;4;1534.7865143044314;12000;64;0;10;0.0;1;1;16;5
AP_C;0;C;0.2301;20.2326;0;5.25;4;0;0;3;15.0;-82.0;4;7835.12892364281;12000;64;0;10;0.0;1;1;16;5
STA_C1;1;C;-1.3862;23.6449;0;5.25;4;0;0;3;15.0;-82.0;4;7835.12892364281;12000;64;0;10;0.0;1;1;16;5
AP_D;0;D;20.5657;4.2798;0;5.25;4;2;2;3;15.0;-82.0;4;4354.777118109114;12000;64;0;10;0.0;1;1;16;5
STA_D1;1;D;17.1937;4.6268;0;5.25;4;2;2;3;15.0;-82.0;4;4354.777118109114;12000;64;0;10;0.0;1;1;16;5
