node_code;node_type;wlan_code;x(m);y(m);z(m);central_freq (GHz);channel_bonding_model;primary_channel;min_channel_allowed;max_channel_allowed;tx_power(dBm);cca(dBm);traffic_model;traffic_load[pkt/s];pkt_size[bit];num_pkt_agg;capture_eff_mode;capture_eff_thr;constant_PER;PIFS_activated;CW_adaptation;CW;CW_stage
AP_A;0;A;15;15;0;5.25;4;2;0;3;15.0;-82.0;4;8333.0;12000;64;0;10;0.0;1;1;16;5
STA_A1;1;A;10.2311;14.2799;0;5.25;4;2;0;3;15.0;-82.0;4;8333.0;12000;64;0;10;0.0;1;1;16;5
AP_B;0;B;3.1612;22.5513;0;5.25;0;0;0;3;15.0;-82.0;4;3328.1924901408147;12000;64;0;10;0.0;1;1;16;5
STA_B1;1;B;0.135;23.3071;0;5.25;0;0;0;3;15.0;-82.0;4;3328.1924901408147;12000;64;0;10;0.0;1;1;16;5
AP_C;0;C;11.6484;3.0121;0;5.25;0;1;0;1;15.0;-82.0;4;3241.4609916427225;12000;64;0;10;0.0;1;1;16;5
STA_C1;1;C;14.0428;3.7921;0;5.25;0;1;0;1;15.0;-82.0;4;3241.4609916427225;12000;64;0;10;0.0;1;1;16;5
AP_D;0;D;0.0747;11.4006;0;5.25;0;1;0;3;15.0;-82.0;4;2800.0356520931145;12000;64;0;10;0.0;1;1;16;5
STA_D1;1;D;-3.157;14.142;0;5.25;0;1;0;3;15.0;-82.0;4;2800.0356520931145;12000;64;0;10;0.0;1;1;16;5
