node_code;node_type;wlan_code;x(m);y(m);z(m);central_freq (GHz);channel_bonding_model;primary_channel;min_channel_allowed;max_channel_allowed;tx_power(dBm);cca(dBm);traffic_model;traffic_load[pkt/s];pkt_size[bit];num_pkt_agg;capture_eff_mode;capture_eff_thr;constant_PER;PIFS_activated;CW_adaptation;CW;CW_stage
AP_A;0;A;15;15;0;5.25;4;0;0;3;15.0;-82.0;1;8333.0;12000;64;0;10;0.0;1;1;16;5
STA_A1;1;A;17.179;13.1929;0;5.25;4;0;0;3;15.0;-82.0;1;8333.0;12000;64;0;10;0.0;1;1;16;5
AP_B;0;B;14.9424;1.4324;0;5.25;0;2;2;3;15.0;-82.0;1;2955.248946322229;12000;64;0;10;0.0;1;1;16;5
STA_B1;1;B;13.8191;3.0069;0;5.25;0;2;2;3;15.0;-82.0;1;2955.248946322229;12000;64;0;10;0.0;1;1;16;5
AP_C;0;C;6.768;28.9264;0;5.25;0;0;0;0;15.0;-82.0;1;1917.3706614909838;12000;64;0;10;0.0;1;1;16;5
STA_C1;1;C;8.684;29.9259;0;5.25;0;0;0;0;15.0;-82.0;1;1917.3706614909838;12000;64;0;10;0.0;1;1;16;5
AP_D;0;D;26.5487;8.0058;0;5.25;0;0;0;0;15.0;-82.0;1;6178.965004514391;12000;64;0;10;0.0;1;1;16;5
STA_D1;1;D;26.2029;5.3949;0;5.25;0;0;0;0;15.0;-82.0;1;6178.965004514391;12000;64;0;10;0.0;1;1;16;5
