node_code;node_type;wlan_code;x(m);y(m);z(m);central_freq (GHz);channel_bonding_model;primary_channel;min_channel_allowed;max_channel_allowed;tx_power(dBm);cca(dBm);traffic_model;traffic_load[pkt/s];pkt_size[bit];num_pkt_agg;capture_eff_mode;capture_eff_thr;constant_PER;PIFS_activated;CW_adaptation;CW;CW_stage
AP_A;0;A;15;15;0;5.25;4;0;0;3;15.0;-82.0;1;1666.6;12000;64;0;10;0.0;1;1;16;5
STA_A1;1;A;13.6594;14.1365;0;5.25;4;0;0;3;15.0;-82.0;1;1666.6;12000;64;0;10;0.0;1;1;16;5
AP_B;0;B;27.8145;11.9695;0;5.25;4;2;2;3;15.0;-82.0;1;4812.378170520844;12000;64;0;10;0.0;1;1;16;5
STA_B1;1;B;25.3918;14.1545;0;5.25;4;2;2;3;15.0;-82.0;1;4812.378170520844;12000;64;0;10;0.0;1;1;16;5
AP_C;0;C;29.0955;26.6365;0;5.25;0;2;2;2;15.0;-82.0;1;5166.13339347583;12000;64;0;10;0.0;1;1;16;5
STA_C1;1;C;25.7677;29.9836;0;5.25;0;2;2;2;15.0;-82.0;1;5166.13339347583;12000;64;0;10;0.0;1;1;16;5
AP_D;0;D;14.6399;27.8648;0;5.25;4;3;0;3;15.0;-82.0;1;7277.620683688859;12000;64;0;10;0.0;1;1;16;5
STA_D1;1;D;17.7687;24.5933;0;5.25;4;3;0;3;15.0;-82.0;1;7277.620683688859;12000;64;0;10;0.0;1;1;16;5
