node_code;node_type;wlan_code;x(m);y(m);z(m);central_freq (GHz);channel_bonding_model;primary_channel;min_channel_allowed;max_channel_allowed;tx_power(dBm);cca(dBm);traffic_model;traffic_load[pkt/s];pkt_size[bit];num_pkt_agg;capture_eff_mode;capture_eff_thr;constant_PER;PIFS_activated;CW_adaptation;CW;CW_stage
AP_A;0;A;15;15;0;5.25;4;3;0;3;15.0;-82.0;4;833.3;12000;64;0;10;0.0;1;1;16;5
STA_A1;1;A;11.7129;18.0506;0;5.25;4;3;0;3;15.0;-82.0;4;833.3;12000;64;0;10;0.0;1;1;16;5
AP_B;0;B;25.2306;8.5639;0;5.25;4;2;2;2;15.0;-82.0;4;7815.196364693257;12000;64;0;10;0.0;1;1;16;5
STA_B1;1;B;25.9852;12.5194;0;5.25;4;2;2;2;15.0;-82.0;4;7815.196364693257;12000;64;0;10;0.0;1;1;16;5
AP_C;0;C;7.0237;2.8887;0;5.25;0;2;2;3;15.0;-82.0;4;1126.2386824584594;12000;64;0;10;0.0;1;1;16;5
STA_C1;1;C;10.3035;2.1303;0;5.25;0;2;2;3;15.0;-82.0;4;1126.2386824584594;12000;64;0;10;0.0;1;1;16;5
AP_D;0;D;2.5538;14.2073;0;5.25;0;3;2;3;15.0;-82.0;4;3527.1062924951166;12000;64;0;10;0.0;1;1;16;5
STA_D1;1;D;-1.8704;13.5351;0;5.25;0;3;2;3;15.0;-82.0;4;3527.1062924951166;12000;64;0;10;0.0;1;1;16;5
