node_code;node_type;wlan_code;x(m);y(m);z(m);central_freq (GHz);channel_bonding_model;primary_channel;min_channel_allowed;max_channel_allowed;tx_power(dBm);cca(dBm);traffic_model;traffic_load[pkt/s];pkt_size[bit];num_pkt_agg;capture_eff_mode;capture_eff_thr;constant_PER;PIFS_activated;CW_adaptation;CW;CW_stage
AP_A;0;A;15;15;0;5.25;4;1;0;3;15.0;-82.0;1;833.3;12000;64;0;10;0.0;1;1;16;5
STA_A1;1;A;19.1866;16.9911;0;5.25;4;1;0;3;15.0;-82.0;1;833.3;12000;64;0;10;0.0;1;1;16;5
AP_B;0;B;28.5933;14.0326;0;5.25;4;2;0;3;15.0;-82.0;1;7679.874746735851;12000;64;0;10;0.0;1;1;16;5
STA_B1;1;B;29.7536;15.9126;0;5.25;4;2;0;3;15.0;-82.0;1;7679.874746735851;12000;64;0;10;0.0;1;1;16;5
AP_C;0;C;15.9199;2.1547;0;5.25;0;2;2;2;15.0;-82.0;1;1232.9860189457982;12000;64;0;10;0.0;1;1;16;5
STA_C1;1;C;18.7317;0.6577;0;5.25;0;2;2;2;15.0;-82.0;1;1232.9860189457982;12000;64;0;10;0.0;1;1;16;5
AP_D;0;D;1.0386;7.9222;0;5.25;4;0;0;0;15.0;-82.0;1;3112.7721661369505;12000;64;0;10;0.0;1;1;16;5
STA_D1;1;D;1.1479;10.7524;0;5.25;4;0;0;0;15.0;-82.0;1;3112.7721661369505;12000;64;0;10;0.0;1;1;16;5
