node_code;node_type;wlan_code;x(m);y(m);z(m);central_freq (GHz);channel_bonding_model;primary_channel;min_channel_allowed;max_channel_allowed;tx_power(dBm);cca(dBm);traffic_model;traffic_load[pkt/s];pkt_size[bit];num_pkt_agg;capture_eff_mode;capture_eff_thr;constant_PER;PIFS_activated;CW_adaptation;CW;CW_stage
AP_A;0;A;15;15;0;5.25;4;0;0;3;15.0;-82.0;1;1666.6;12000;64;0;10;0.0;1;1;16;5
STA_A1;1;A;16.0201;15.5452;0;5.25;4;0;0;3;15.0;-82.0;1;1666.6;12000;64;0;10;0.0;1;1;16;5
AP_B;0;B;20.8658;2.0527;0;5.25;4;3;0;3;15.0;-82.0;1;5239.113460054479;12000;64;0;10;0.0;1;1;16;5
STA_B1;1;B;21.7316;-1.8058;0;5.25;4;3;0;3;15.0;-82.0;1;5239.113460054479;12000;64;0;10;0.0;1;1;16;5
AP_C;0;C;4.113;9.8076;0;5.25;0;2;2;3;15.0;-82.0;1;898.3783050125735;12000;64;0;10;0.0;1;1;16;5
STA_C1;1;C;0.4457;7.5882;0;5.25;0;2;2;3;15.0;-82.0;1;898.3783050125735;12000;64;0;10;0.0;1;1;16;5
AP_D;0;D;26.1533;28.3106;0;5.25;0;1;0;1;15.0;-82.0;1;850.3598817940521;12000;64;0;10;0.0;1;1;16;5
STA_D1;1;D;26.8283;24.2289;0;5.25;0;1;0;1;15.0;-82.0;1;850.3598817940521;12000;64;0;10;0.0;1;1;16;5
