node_code;node_type;wlan_code;x(m);y(m);z(m);central_freq (GHz);channel_bonding_model;primary_channel;min_channel_allowed;max_channel_allowed;tx_power(dBm);cca(dBm);traffic_model;traffic_load[pkt/s];pkt_size[bit];num_pkt_agg;capture_eff_mode;capture_eff_thr;constant_PER;PIFS_activated;CW_adaptation;CW;CW_stage
AP_A;0;A;15;15;0;5.25;4;2;0;3;15.0;-82.0;1;833.3;12000;64;0;10;0.0;1;1;16;5
STA_A1;1;A;14.1638;17.6072;0;5.25;4;2;0;3;15.0;-82.0;1;833.3;12000;64;0;10;0.0;1;1;16;5
AP_B;0;B;1.6653;7.5383;0;5.25;4;2;0;3;15.0;-82.0;1;1735.8855212768667;12000;64;0;10;0.0;1;1;16;5
STA_B1;1;B;4.3246;11.3697;0;5.25;4;2;0;3;15.0;-82.0;1;1735.8855212768667;12000;64;0;10;0.0;1;1;16;5
AP_C;0;C;16.2575;3.7685;0;5.25;4;3;3;3;15.0;-82.0;1;3905.7155487719065;12000;64;0;10;0.0;1;1;16;5
STA_C1;1;C;16.353;6.9729;0;5.25;4;3;3;3;15.0;-82.0;1;3905.7155487719065;12000;64;0;10;0.0;1;1;16;5
AP_D;0;D;14.2831;25.639;0;5.25;0;3;0;3;15.0;-82.0;1;1419.8477178141482;12000;64;0;10;0.0;1;1;16;5
STA_D1;1;D;14.8664;29.2456;0;5.25;0;3;0;3;15.0;-82.0;1;1419.8477178141482;12000;64;0;10;0.0;1;1;16;5
