node_code;node_type;wlan_code;x(m);y(m);z(m);central_freq (GHz);channel_bonding_model;primary_channel;min_channel_allowed;max_channel_allowed;tx_power(dBm);cca(dBm);traffic_model;traffic_load[pkt/s];pkt_size[bit];num_pkt_agg;capture_eff_mode;capture_eff_thr;constant_PER;PIFS_activated;CW_adaptation;CW;CW_stage
AP_A;0;A;15;15;0;5.25;4;1;0;3;15.0;-82.0;1;4166.5;12000;64;0;10;0.0;1;1;16;5
STA_A1;1;A;11.063;13.2561;0;5.25;4;1;0;3;15.0;-82.0;1;4166.5;12000;64;0;10;0.0;1;1;16;5
AP_B;0;B;4.0569;13.8054;0;5.25;4;2;2;3;15.0;-82.0;1;7842.42144659697;12000;64;0;10;0.0;1;1;16;5
STA_B1;1;B;0.0747;13.657;0;5.25;4;2;2;3;15.0;-82.0;1;7842.42144659697;12000;64;0;10;0.0;1;1;16;5
AP_C;0;C;9.5699;0.404;0;5.25;0;1;0;1;15.0;-82.0;1;4525.339416056733;12000;64;0;10;0.0;1;1;16;5
STA_C1;1;C;13.1161;1.1326;0;5.25;0;1;0;1;15.0;-82.0;1;4525.339416056733;12000;64;0;10;0.0;1;1;16;5
AP_D;0;D;19.7813;26.9394;0;5.25;0;3;3;3;15.0;-82.0;1;1900.017226024935;12000;64;0;10;0.0;1;1;16;5
STA_D1;1;D;17.3585;27.9462;0;5.25;0;3;3;3;15.0;-82.0;1;1900.017226024935;12000;64;0;10;0.0;1;1;16;5
