node_code;node_type;wlan_code;x(m);y(m);z(m);central_freq (GHz);channel_bonding_model;primary_channel;min_channel_allowed;max_channel_allowed;tx_power(dBm);cca(dBm);traffic_model;traffic_load[pkt/s];pkt_size[bit];num_pkt_agg;capture_eff_mode;capture_eff_thr;constant_PER;PIFS_activated;CW_adaptation;CW;CW_stage
AP_A;0;A;15;15;0;5.25;4;0;0;3;15.0;-82.0;4;8333.0;12000;64;0;10;0.0;1;1;16;5
STA_A1;1;A;16.4024;18.5271;0;5.25;4;0;0;3;15.0;-82.0;4;8333.0;12000;64;0;10;0.0;1;1;16;5
AP_B;0;B;25.2039;17.907;0;5.25;4;0;0;0;15.0;-82.0;4;7616.80718414968;12000;64;0;10;0.0;1;1;16;5
STA_B1;1;B;29.252;16.0722;0;5.25;4;0;0;0;15.0;-82.0;4;7616.80718414968;12000;64;0;10;0.0;1;1;16;5
AP_C;0;C;16.4099;26.2803;0;5.25;0;1;1;1;15.0;-82.0;4;6996.336933391804;12000;64;0;10;0.0;1;1;16;5
STA_C1;1;C;12.2239;23.9715;0;5.25;0;1;1;1;15.0;-82.0;4;6996.336933391804;12000;64;0;10;0.0;1;1;16;5
AP_D;0;D;4.0314;29.8662;0;5.25;0;3;2;3;15.0;-82.0;4;3843.0170721099576;12000;64;0;10;0.0;1;1;16;5
STA_D1;1;D;3.6375;34.466;0;5.25;0;3;2;3;15.0;-82.0;4;3843.0170721099576;12000;64;0;10;0.0;1;1;16;5
