node_code;node_type;wlan_code;x(m);y(m);z(m);central_freq (GHz);channel_bonding_model;primary_channel;min_channel_allowed;max_channel_allowed;tx_power(dBm);cca(dBm);traffic_model;traffic_load[pkt/s];pkt_size[bit];num_pkt_agg;capture_eff_mode;capture_eff_thr;constant_PER;PIFS_activated;CW_adaptation;CW;CW_stage
AP_A;0;A;15;15;0;5.25;4;0;0;3;15.0;-82.0;1;833.3;12000;64;0;10;0.0;1;1;16;5
STA_A1;1;A;19.9522;14.6793;0;5.25;4;0;0;3;15.0;-82.0;1;833.3;12000;64;0;10;0.0;1;1;16;5
AP_B;0;B;23.8519;23.1514;0;5.25;4;1;1;1;15.0;-82.0;1;7264.595348643367;12000;64;0;10;0.0;1;1;16;5
STA_B1;1;B;23.0833;18.5657;0;5.25;4;1;1;1;15.0;-82.0;1;7264.595348643367;12000;64;0;10;0.0;1;1;16;5
AP_C;0;C;8.2155;5.6755;0;5.25;0;2;2;2;15.0;-82.0;1;7515.176377203248;12000;64;0;10;0.0;1;1;16;5
STA_C1;1;C;11.0277;2.7733;0;5.25;0;2;2;2;15.0;-82.0;1;7515.176377203248;12000;64;0;10;0.0;1;1;16;5
AP_D;0;D;6.1179;21.2557;0;5.25;0;2;2;3;15.0;-82.0;1;1289.0460596786045;12000;64;0;10;0.0;1;1;16;5
STA_D1;1;D;5.6271;25.0345;0;5.25;0;2;2;3;15.0;-82.0;1;1289.0460596786045;12000;64;0;10;0.0;1;1;16;5
