node_code;node_type;wlan_code;x(m);y(m);z(m);central_freq (GHz);channel_bonding_model;primary_channel;min_channel_allowed;max_channel_allowed;tx_power(dBm);cca(dBm);traffic_model;traffic_load[pkt/s];pkt_size[bit];num_pkt_agg;capture_eff_mode;capture_eff_thr;constant_PER;PIFS_activated;CW_adaptation;CW;CW_stage
AP_A;0;A;15;15;0;5.25;4;1;0;3;15.0;-82.0;1;4166.5;12000;64;0;10;0.0;1;1;16;5
STA_A1;1;A;14.4166;12.3288;0;5.25;4;1;0;3;15.0;-82.0;1;4166.5;12000;64;0;10;0.0;1;1;16;5
AP_B;0;B;3.5008;5.5897;0;5.25;4;0;0;1;15.0;-82.0;1;6971.300987030717;12000;64;0;10;0.0;1;1;16;5
STA_B1;1;B;-1.342;4.3615;0;5.25;4;0;0;1;15.0;-82.0;1;6971.300987030717;12000;64;0;10;0.0;1;1;16;5
AP_C;0;C;24.2928;11.0206;0;5.25;4;0;0;0;15.0;-82.0;1;5599.848166650386;12000;64;0;10;0.0;1;1;16;5
STA_C1;1;C;20.613;10.8527;0;5.25;4;0;0;0;15.0;-82.0;1;5599.848166650386;12000;64;0;10;0.0;1;1;16;5
AP_D;0;D;25.5789;28.8526;0;5.25;4;1;0;3;15.0;-82.0;1;1556.1283642657825;12000;64;0;10;0.0;1;1;16;5
STA_D1;1;D;26.4851;32.6432;0;5.25;4;1;0;3;15.0;-82.0;1;1556.1283642657825;12000;64;0;10;0.0;1;1;16;5
