node_code;node_type;wlan_code;x(m);y(m);z(m);central_freq (GHz);channel_bonding_model;primary_channel;min_channel_allowed;max_channel_allowed;tx_power(dBm);cca(dBm);traffic_model;traffic_load[pkt/s];pkt_size[bit];num_pkt_agg;capture_eff_mode;capture_eff_thr;constant_PER;PIFS_activated;CW_adaptation;CW;CW_stage
AP_A;0;A;15;15;0;5.25;4;1;0;3;15.0;-82.0;4;8333.0;12000;64;0;10;0.0;1;1;16;5
STA_A1;1;A;11.5591;12.4013;0;5.25;4;1;0;3;15.0;-82.0;4;8333.0;12000;64;0;10;0.0;1;1;16;5
AP_B;0;B;14.2653;28.1703;0;5.25;0;3;2;3;15.0;-82.0;4;6353.653588336766;12000;64;0;10;0.0;1;1;16;5
STA_B1;1;B;12.08;25.864;0;5.25;0;3;2;3;15.0;-82.0;4;6353.653588336766;12000;64;0;10;0.0;1;1;16;5
AP_C;0;C;8.723;3.325;0;5.25;0;0;0;3;15.0;-82.0;4;3767.4387402346583;12000;64;0;10;0.0;1;1;16;5
STA_C1;1;C;10.4178;6.2956;0;5.25;0;0;0;3;15.0;-82.0;4;3767.4387402346583;12000;64;0;10;0.0;1;1;16;5
AP_D;0;D;23.8975;9.5151;0;5.25;4;2;2;3;15.0;-82.0;4;4948.711334031448;12000;64;0;10;0.0;1;1;16;5
STA_D1;1;D;22.3403;5.7901;0;5.25;4;2;2;3;15.0;-82.0;4;4948.711334031448;12000;64;0;10;0.0;1;1;16;5
