node_code;node_type;wlan_code;x(m);y(m);z(m);central_freq (GHz);channel_bonding_model;primary_channel;min_channel_allowed;max_channel_allowed;tx_power(dBm);cca(dBm);traffic_model;traffic_load[pkt/s];pkt_size[bit];num_pkt_agg;capture_eff_mode;capture_eff_thr;constant_PER;PIFS_activated;CW_adaptation;CW;CW_stage
AP_A;0;A;15;15;0;5.25;4;1;0;3;15.0;-82.0;4;833.3;12000;64;0;10;0.0;1;1;16;5
STA_A1;1;A;16.5243;14.2616;0;5.25;4;1;0;3;15.0;-82.0;4;833.3;12000;64;0;10;0.0;1;1;16;5
AP_B;0;B;14.1947;25.8467;0;5.25;4;3;2;3;15.0;-82.0;4;3402.208033151639;12000;64;0;10;0.0;1;1;16;5
STA_B1;1;B;16.5478;26.2092;0;5.25;4;3;2;3;15.0;-82.0;4;3402.208033151639;12000;64;0;10;0.0;1;1;16;5
AP_C;0;C;23.1605;3.799;0;5.25;4;3;3;3;15.0;-82.0;4;2072.0059159672046;12000;64;0;10;0.0;1;1;16;5
STA_C1;1;C;25.2045;7.5065;0;5.25;4;3;3;3;15.0;-82.0;4;2072.0059159672046;12000;64;0;10;0.0;1;1;16;5
AP_D;0;D;29.1293;20.5134;0;5.25;4;3;0;3;15.0;-82.0;4;3762.517127108932;12000;64;0;10;0.0;1;1;16;5
STA_D1;1;D;30.6089;22.4428;0;5.25;4;3;0;3;15.0;-82.0;4;3762.517127108932;12000;64;0;10;0.0;1;1;16;5
