node_code;node_type;wlan_code;x(m);y(m);z(m);central_freq (GHz);channel_bonding_model;primary_channel;min_channel_allowed;max_channel_allowed;tx_power(dBm);cca(dBm);traffic_model;traffic_load[pkt/s];pkt_size[bit];num_pkt_agg;capture_eff_mode;capture_eff_thr;constant_PER;PIFS_activated;CW_adaptation;CW;CW_stage
AP_A;0;A;15;15;0;5.25;4;3;0;3;15.0;-82.0;1;8333.0;12000;64;0;10;0.0;1;1;16;5
STA_A1;1;A;17.3873;16.494;0;5.25;4;3;0;3;15.0;-82.0;1;8333.0;12000;64;0;10;0.0;1;1;16;5
AP_B;0;B;10.8098;27.1731;0;5.25;4;1;0;1;15.0;-82.0;1;2777.4014996482897;12000;64;0;10;0.0;1;1;16;5
STA_B1;1;B;14.2507;28.4416;0;5.25;4;1;0;1;15.0;-82.0;1;2777.4014996482897;12000;64;0;10;0.0;1;1;16;5
AP_C;0;C;0.3823;15.4166;0;5.25;4;0;0;3;15.0;-82.0;1;6520.630086108611;12000;64;0;10;0.0;1;1;16;5
STA_C1;1;C;4.2597;15.5683;0;5.25;4;0;0;3;15.0;-82.0;1;6520.630086108611;12000;64;0;10;0.0;1;1;16;5
AP_D;0;D;24.0268;24.0039;0;5.25;4;0;0;1;15.0;-82.0;1;5218.14565321328;12000;64;0;10;0.0;1;1;16;5
STA_D1;1;D;27.6833;25.7303;0;5.25;4;0;0;1;15.0;-82.0;1;5218.14565321328;12000;64;0;10;0.0;1;1;16;5
