node_code;node_type;wlan_code;x(m);y(m);z(m);central_freq (GHz);channel_bonding_model;primary_channel;min_channel_allowed;max_channel_allowed;tx_power(dBm);cca(dBm);traffic_model;traffic_load[pkt/s];pkt_size[bit];num_pkt_agg;capture_eff_mode;capture_eff_thr;constant_PER;PIFS_activated;CW_adaptation;CW;CW_stage
AP_A;0;A;15;15;0;5.25;4;0;0;3;15.0;-82.0;1;833.3;12000;64;0;10;0.0;1;1;16;5
STA_A1;1;A;17.9353;16.7781;0;5.25;4;0;0;3;15.0;-82.0;1;833.3;12000;64;0;10;0.0;1;1;16;5
AP_B;0;B;24.8281;12.4969;0;5.25;4;3;2;3;15.0;-82.0;1;5893.307898454741;12000;64;0;10;0.0;1;1;16;5
STA_B1;1;B;26.4028;8.4166;0;5.25;4;3;2;3;15.0;-82.0;1;5893.307898454741;12000;64;0;10;0.0;1;1;16;5
AP_C;0;C;9.2627;26.5035;0;5.25;4;0;0;0;15.0;-82.0;1;2745.5595220821033;12000;64;0;10;0.0;1;1;16;5
STA_C1;1;C;11.962;30.6984;0;5.25;4;0;0;0;15.0;-82.0;1;2745.5595220821033;12000;64;0;10;0.0;1;1;16;5
AP_D;0;D;20.3372;28.8297;0;5.25;0;3;0;3;15.0;-82.0;1;4063.3937851143173;12000;64;0;10;0.0;1;1;16;5
STA_D1;1;D;22.4505;30.855;0;5.25;0;3;0;3;15.0;-82.0;1;4063.3937851143173;12000;64;0;10;0.0;1;1;16;5
