node_code;node_type;wlan_code;x(m);y(m);z(m);central_freq (GHz);channel_bonding_model;primary_channel;min_channel_allowed;max_channel_allowed;tx_power(dBm);cca(dBm);traffic_model;traffic_load[pkt/s];pkt_size[bit];num_pkt_agg;capture_eff_mode;capture_eff_thr;constant_PER;PIFS_activated;CW_adaptation;CW;CW_stage
AP_A;0;A;15;15;0;5.25;4;3;0;3;15.0;-82.0;1;1666.6;12000;64;0;10;0.0;1;1;16;5
STA_A1;1;A;17.7232;15.7644;0;5.25;4;3;0;3;15.0;-82.0;1;1666.6;12000;64;0;10;0.0;1;1;16;5
AP_B;0;B;9.5603;1.5707;0;5.25;4;0;0;0;15.0;-82.0;1;2789.162203458659;12000;64;0;10;0.0;1;1;16;5
STA_B1;1;B;14.1937;3.2637;0;5.25;4;0;0;0;15.0;-82.0;1;2789.162203458659;12000;64;0;10;0.0;1;1;16;5
AP_C;0;C;23.9322;23.7741;0;5.25;4;2;0;3;15.0;-82.0;1;4295.381081938475;12000;64;0;10;0.0;1;1;16;5
STA_C1;1;C;23.2852;19.6164;0;5.25;4;2;0;3;15.0;-82.0;1;4295.381081938475;12000;64;0;10;0.0;1;1;16;5
AP_D;0;D;13.1987;29.8088;0;5.25;4;0;0;3;15.0;-82.0;1;1539.4240757340108;12000;64;0;10;0.0;1;1;16;5
STA_D1;1;D;15.9136;33.7266;0;5.25;4;0;0;3;15.0;-82.0;1;1539.4240757340108;12000;64;0;10;0.0;1;1;16;5
