node_code;node_type;wlan_code;x(m);y(m);z(m);central_freq (GHz);channel_bonding_model;primary_channel;min_channel_allowed;max_channel_allowed;tx_power(dBm);cca(dBm);traffic_model;traffic_load[pkt/s];pkt_size[bit];num_pkt_agg;capture_eff_mode;capture_eff_thr;constant_PER;PIFS_activated;CW_adaptation;CW;CW_stage
AP_A;0;A;15;15;0;5.25;4;3;0;3;15.0;-82.0;1;4166.5;12000;64;0;10;0.0;1;1;16;5
STA_A1;1;A;11.3742;16.4639;0;5.25;4;3;0;3;15.0;-82.0;1;4166.5;12000;64;0;10;0.0;1;1;16;5
AP_B;0;B;24.3639;26.5333;0;5.25;4;3;3;3;15.0;-82.0;1;2104.3006230354085;12000;64;0;10;0.0;1;1;16;5
STA_B1;1;B;24.7601;31.0158;0;5.25;4;3;3;3;15.0;-82.0;1;2104.3006230354085;12000;64;0;10;0.0;1;1;16;5
AP_C;0;C;27.848;6.417;0;5.25;4;1;1;1;15.0;-82.0;1;1712.6355534977138;12000;64;0;10;0.0;1;1;16;5
STA_C1;1;C;24.1603;3.9368;0;5.25;4;1;1;1;15.0;-82.0;1;1712.6355534977138;12000;64;0;10;0.0;1;1;16;5
AP_D;0;D;4.6991;20.0443;0;5.25;0;2;2;2;15.0;-82.0;1;3579.0772626129665;12000;64;0;10;0.0;1;1;16;5
STA_D1;1;D;0.7199;22.8847;0;5.25;0;2;2;2;15.0;-82.0;1;3579.0772626129665;12000;64;0;10;0.0;1;1;16;5
