node_code;node_type;wlan_code;x(m);y(m);z(m);central_freq (GHz);channel_bonding_model;primary_channel;min_channel_allowed;max_channel_allowed;tx_power(dBm);cca(dBm);traffic_model;traffic_load[pkt/s];pkt_size[bit];num_pkt_agg;capture_eff_mode;capture_eff_thr;constant_PER;PIFS_activated;CW_adaptation;CW;CW_stage
AP_A;0;A;15;15;0;5.25;4;1;0;3;15.0;-82.0;4;1666.6;12000;64;0;10;0.0;1;1;16;5
STA_A1;1;A;17.0391;18.6085;0;5.25;4;1;0;3;15.0;-82.0;4;1666.6;12000;64;0;10;0.0;1;1;16;5
AP_B;0;B;21.0237;5.9576;0;5.25;0;1;1;1;15.0;-82.0;4;1512.3715211887516;12000;64;0;10;0.0;1;1;16;5
STA_B1;1;B;19.2925;8.3284;0;5.25;0;1;1;1;15.0;-82.0;4;1512.3715211887516;12000;64;0;10;0.0;1;1;16;5
AP_C;0;C;6.1302;8.1972;0;5.25;0;3;2;3;15.0;-82.0;4;6901.460017922348;12000;64;0;10;0.0;1;1;16;5
STA_C1;1;C;8.9401;8.2766;0;5.25;0;3;2;3;15.0;-82.0;4;6901.460017922348;12000;64;0;10;0.0;1;1;16;5
AP_D;0;D;23.8055;27.2299;0;5.25;4;0;0;0;15.0;-82.0;4;6532.835581608534;12000;64;0;10;0.0;1;1;16;5
STA_D1;1;D;26.1626;29.6438;0;5.25;4;0;0;0;15.0;-82.0;4;6532.835581608534;12000;64;0;10;0.0;1;1;16;5
