node_code;node_type;wlan_code;x(m);y(m);z(m);central_freq (GHz);channel_bonding_model;primary_channel;min_channel_allowed;max_channel_allowed;tx_power(dBm);cca(dBm);traffic_model;traffic_load[pkt/s];pkt_size[bit];num_pkt_agg;capture_eff_mode;capture_eff_thr;constant_PER;PIFS_activated;CW_adaptation;CW;CW_stage
AP_A;0;A;15;15;0;5.25;4;2;0;3;15.0;-82.0;4;8333.0;12000;64;0;10;0.0;1;1;16;5
STA_A1;1;A;14.0822;12.2063;0;5.25;4;2;0;3;15.0;-82.0;4;8333.0;12000;64;0;10;0.0;1;1;16;5
AP_B;0;B;6.983;21.6036;0;5.25;0;3;3;3;15.0;-82.0;4;1770.2339015188759;12000;64;0;10;0.0;1;1;16;5
STA_B1;1;B;7.9717;17.6228;0;5.25;0;3;3;3;15.0;-82.0;4;1770.2339015188759;12000;64;0;10;0.0;1;1;16;5
AP_C;0;C;12.6356;3.7966;0;5.25;0;1;0;3;15.0;-82.0;4;5060.358968915494;12000;64;0;10;0.0;1;1;16;5
STA_C1;1;C;11.3175;1.5294;0;5.25;0;1;0;3;15.0;-82.0;4;5060.358968915494;12000;64;0;10;0.0;1;1;16;5
AP_D;0;D;25.3684;9.5243;0;5.25;4;1;0;3;15.0;-82.0;4;6028.132456638165;12000;64;0;10;0.0;1;1;16;5
STA_D1;1;D;22.7943;9.7983;0;5.25;4;1;0;3;15.0;-82.0;4;6028.132456638165;12000;64;0;10;0.0;1;1;16;5
