node_code;node_type;wlan_code;x(m);y(m);z(m);central_freq (GHz);channel_bonding_model;primary_channel;min_channel_allowed;max_channel_allowed;tx_power(dBm);cca(dBm);traffic_model;traffic_load[pkt/s];pkt_size[bit];num_pkt_agg;capture_eff_mode;capture_eff_thr;constant_PER;PIFS_activated;CW_adaptation;CW;CW_stage
AP_A;0;A;15;15;0;5.25;4;1;0;3;15.0;-82.0;4;833.3;12000;64;0;10;0.0;1;1;16;5
STA_A1;1;A;15.7874;13.4842;0;5.25;4;1;0;3;15.0;-82.0;4;833.3;12000;64;0;10;0.0;1;1;16;5
AP_B;0;B;9.3168;2.2108;0;5.25;4;2;0;3;15.0;-82.0;4;4657.275984107166;12000;64;0;10;0.0;1;1;16;5
STA_B1;1;B;10.2045;6.508;0;5.25;4;2;0;3;15.0;-82.0;4;4657.275984107166;12000;64;0;10;0.0;1;1;16;5
AP_C;0;C;5.1045;29.833;0;5.25;0;2;2;2;15.0;-82.0;4;5583.783229952523;12000;64;0;10;0.0;1;1;16;5
STA_C1;1;C;7.1274;28.0081;0;5.25;0;2;2;2;15.0;-82.0;4;5583.783229952523;12000;64;0;10;0.0;1;1;16;5
AP_D;0;D;26.5316;6.3276;0;5.25;4;3;3;3;15.0;-82.0;4;2816.509992851497;12000;64;0;10;0.0;1;1;16;5
STA_D1;1;D;31.0021;7.5813;0;5.25;4;3;3;3;15.0;-82.0;4;2816.509992851497;12000;64;0;10;0.0;1;1;16;5
