node_code;node_type;wlan_code;x(m);y(m);z(m);central_freq (GHz);channel_bonding_model;primary_channel;min_channel_allowed;max_channel_allowed;tx_power(dBm);cca(dBm);traffic_model;traffic_load[pkt/s];pkt_size[bit];num_pkt_agg;capture_eff_mode;capture_eff_thr;constant_PER;PIFS_activated;CW_adaptation;CW;CW_stage
AP_A;0;A;15;15;0;5.25;4;0;0;3;15.0;-82.0;4;4166.5;12000;64;0;10;0.0;1;1;16;5
STA_A1;1;A;18.9675;17.6315;0;5.25;4;0;0;3;15.0;-82.0;4;4166.5;12000;64;0;10;0.0;1;1;16;5
AP_B;0;B;10.9711;3.2184;0;5.25;4;3;0;3;15.0;-82.0;4;4353.895007170383;12000;64;0;10;0.0;1;1;16;5
STA_B1;1;B;10.3623;1.2754;0;5.25;4;3;0;3;15.0;-82.0;4;4353.895007170383;12000;64;0;10;0.0;1;1;16;5
AP_C;0;C;2.3743;20.836;0;5.25;0;3;2;3;15.0;-82.0;4;1633.3764047058376;12000;64;0;10;0.0;1;1;16;5
STA_C1;1;C;3.7894;17.7685;0;5.25;0;3;2;3;15.0;-82.0;4;1633.3764047058376;12000;64;0;10;0.0;1;1;16;5
AP_D;0;D;28.7492;8.9594;0;5.25;4;0;0;1;15.0;-82.0;4;3890.475712470691;12000;64;0;10;0.0;1;1;16;5
STA_D1;1;D;28.4187;6.0033;0;5.25;4;0;0;1;15.0;-82.0;4;3890.475712470691;12000;64;0;10;0.0;1;1;16;5
