node_code;node_type;wlan_code;x(m);y(m);z(m);central_freq (GHz);channel_bonding_model;primary_channel;min_channel_allowed;max_channel_allowed;tx_power(dBm);cca(dBm);traffic_model;traffic_load[pkt/s];pkt_size[bit];num_pkt_agg;capture_eff_mode;capture_eff_thr;constant_PER;PIFS_activated;CW_adaptation;CW;CW_stage
AP_A;0;A;15;15;0;5.25;4;2;0;3;15.0;-82.0;1;4166.5;12000;64;0;10;0.0;1;1;16;5
STA_A1;1;A;17.8513;18.0244;0;5.25;4;2;0;3;15.0;-82.0;1;4166.5;12000;64;0;10;0.0;1;1;16;5
AP_B;0;B;27.9736;6.4571;0;5.25;4;1;0;1;15.0;-82.0;1;5416.753311383154;12000;64;0;10;0.0;1;1;16;5
STA_B1;1;B;29.8526;6.9651;0;5.25;4;1;0;1;15.0;-82.0;1;5416.753311383154;12000;64;0;10;0.0;1;1;16;5
AP_C;0;C;4.0357;11.2459;0;5.25;4;3;3;3;15.0;-82.0;1;1641.7543258836374;12000;64;0;10;0.0;1;1;16;5
STA_C1;1;C;7.5855;13.7525;0;5.25;4;3;3;3;15.0;-82.0;1;1641.7543258836374;12000;64;0;10;0.0;1;1;16;5
AP_D;0;D;18.4799;28.3177;0;5.25;4;2;2;3;15.0;-82.0;1;3347.2156751862276;12000;64;0;10;0.0;1;1;16;5
STA_D1;1;D;22.0426;28.1872;0;5.25;4;2;2;3;15.0;-82.0;1;3347.2156751862276;12000;64;0;10;0.0;1;1;16;5
