node_code;node_type;wlan_code;x(m);y(m);z(m);central_freq (GHz);channel_bonding_model;primary_channel;min_channel_allowed;max_channel_allowed;tx_power(dBm);cca(dBm);traffic_model;traffic_load[pkt/s];pkt_size[bit];num_pkt_agg;capture_eff_mode;capture_eff_thr;constant_PER;PIFS_activated;CW_adaptation;CW;CW_stage
AP_A;0;A;15;15;0;5.25;4;1;0;3;15.0;-82.0;4;833.3;12000;64;0;10;0.0;1;1;16;5
STA_A1;1;A;13.9679;17.1928;0;5.25;4;1;0;3;15.0;-82.0;4;833.3;12000;64;0;10;0.0;1;1;16;5
AP_B;0;B;5.1918;5.1497;0;5.25;0;0;0;1;15.0;-82.0;4;2967.1383232091775;12000;64;0;10;0.0;1;1;16;5
STA_B1;1;B;7.3774;7.7601;0;5.25;0;0;0;1;15.0;-82.0;4;2967.1383232091775;12000;64;0;10;0.0;1;1;16;5
AP_C;0;C;27.5185;25.4211;0;5.25;0;1;0;1;15.0;-82.0;4;2168.6436063542496;12000;64;0;10;0.0;1;1;16;5
STA_C1;1;C;24.7286;22.0836;0;5.25;0;1;0;1;15.0;-82.0;4;2168.6436063542496;12000;64;0;10;0.0;1;1;16;5
AP_D;0;D;15.7379;26.4686;0;5.25;0;3;0;3;15.0;-82.0;4;907.6488935533629;12000;64;0;10;0.0;1;1;16;5
STA_D1;1;D;17.3551;28.7164;0;5.25;0;3;0;3;15.0;-82.0;4;907.6488935533629;12000;64;0;10;0.0;1;1;16;5
