node_code;node_type;wlan_code;x(m);y(m);z(m);central_freq (GHz);channel_bonding_model;primary_channel;min_channel_allowed;max_channel_allowed;tx_power(dBm);cca(dBm);traffic_model;traffic_load[pkt/s];pkt_size[bit];num_pkt_agg;capture_eff_mode;capture_eff_thr;constant_PER;PIFS_activated;CW_adaptation;CW;CW_stage
AP_A;0;A;15;15;0;5.25;4;3;0;3;15.0;-82.0;4;1666.6;12000;64;0;10;0.0;1;1;16;5
STA_A1;1;A;16.4482;11.3977;0;5.25;4;3;0;3;15.0;-82.0;4;1666.6;12000;64;0;10;0.0;1;1;16;5
AP_B;0;B;0.5671;14.5136;0;5.25;4;2;2;3;15.0;-82.0;4;7961.002323970736;12000;64;0;10;0.0;1;1;16;5
STA_B1;1;B;3.0188;18.3781;0;5.25;4;2;2;3;15.0;-82.0;4;7961.002323970736;12000;64;0;10;0.0;1;1;16;5
AP_C;0;C;5.0558;2.9239;0;5.25;0;2;2;2;15.0;-82.0;4;7616.217174087343;12000;64;0;10;0.0;1;1;16;5
STA_C1;1;C;6.6186;-1.536;0;5.25;0;2;2;2;15.0;-82.0;4;7616.217174087343;12000;64;0;10;0.0;1;1;16;5
AP_D;0;D;17.3411;2.1587;0;5.25;4;0;0;3;15.0;-82.0;4;2945.075701822667;12000;64;0;10;0.0;1;1;16;5
STA_D1;1;D;15.6822;-1.9743;0;5.25;4;0;0;3;15.0;-82.0;4;2945.075701822667;12000;64;0;10;0.0;1;1;16;5
