node_code;node_type;wlan_code;x(m);y(m);z(m);central_freq (GHz);channel_bonding_model;primary_channel;min_channel_allowed;max_channel_allowed;tx_power(dBm);cca(dBm);traffic_model;traffic_load[pkt/s];pkt_size[bit];num_pkt_agg;capture_eff_mode;capture_eff_thr;constant_PER;PIFS_activated;CW_adaptation;CW;CW_stage
AP_A;0;A;15;15;0;5.25;4;1;0;3;15.0;-82.0;1;833.3;12000;64;0;10;0.0;1;1;16;5
STA_A1;1;A;12.7272;14.7952;0;5.25;4;1;0;3;15.0;-82.0;1;833.3;12000;64;0;10;0.0;1;1;16;5
AP_B;0;B;6.6121;7.1795;0;5.25;0;1;1;1;15.0;-82.0;1;7905.655619564992;12000;64;0;10;0.0;1;1;16;5
STA_B1;1;B;3.0618;4.6996;0;5.25;0;1;1;1;15.0;-82.0;1;7905.655619564992;12000;64;0;10;0.0;1;1;16;5
AP_C;0;C;21.1191;0.3978;0;5.25;4;1;1;1;15.0;-82.0;1;8197.908867399748;12000;64;0;10;0.0;1;1;16;5
STA_C1;1;C;17.8827;-1.4431;0;5.25;4;1;1;1;15.0;-82.0;1;8197.908867399748;12000;64;0;10;0.0;1;1;16;5
AP_D;0;D;17.9499;25.6714;0;5.25;4;3;0;3;15.0;-82.0;1;4909.649897818555;12000;64;0;10;0.0;1;1;16;5
STA_D1;1;D;14.0099;24.9836;0;5.25;4;3;0;3;15.0;-82.0;1;4909.649897818555;12000;64;0;10;0.0;1;1;16;5
