node_code;node_type;wlan_code;x(m);y(m);z(m);central_freq (GHz);channel_bonding_model;primary_channel;min_channel_allowed;max_channel_allowed;tx_power(dBm);cca(dBm);traffic_model;traffic_load[pkt/s];pkt_size[bit];num_pkt_agg;capture_eff_mode;capture_eff_thr;constant_PER;PIFS_activated;CW_adaptation;CW;CW_stage
AP_A;0;A;15;15;0;5.25;4;3;0;3;15.0;-82.0;4;1666.6;12000;64;0;10;0.0;1;1;16;5
STA_A1;1;A;17.8926;18.7255;0;5.25;4;3;0;3;15.0;-82.0;4;1666.6;12000;64;0;10;0.0;1;1;16;5
AP_B;0;B;4.8474;23.8064;0;5.25;4;3;2;3;15.0;-82.0;4;5115.323777967212;12000;64;0;10;0.0;1;1;16;5
STA_B1;1;B;8.101;27.1937;0;5.25;4;3;2;3;15.0;-82.0;4;5115.323777967212;12000;64;0;10;0.0;1;1;16;5
AP_C;0;C;29.5329;19.1562;0;5.25;4;3;2;3;15.0;-82.0;4;1875.9955073886179;12000;64;0;10;0.0;1;1;16;5
STA_C1;1;C;31.7801;21.4154;0;5.25;4;3;2;3;15.0;-82.0;4;1875.9955073886179;12000;64;0;10;0.0;1;1;16;5
AP_D;0;D;27.2194;1.671;0;5.25;4;1;0;1;15.0;-82.0;4;2472.7669594359104;12000;64;0;10;0.0;1;1;16;5
STA_D1;1;D;27.2312;5.5794;0;5.25;4;1;0;1;15.0;-82.0;4;2472.7669594359104;12000;64;0;10;0.0;1;1;16;5
