node_code;node_type;wlan_code;x(m);y(m);z(m);central_freq (GHz);channel_bonding_model;primary_channel;min_channel_allowed;max_channel_allowed;tx_power(dBm);cca(dBm);traffic_model;traffic_load[pkt/s];pkt_size[bit];num_pkt_agg;capture_eff_mode;capture_eff_thr;constant_PER;PIFS_activated;CW_adaptation;CW;CW_stage
AP_A;0;A;15;15;0;5.25;4;3;0;3;15.0;-82.0;1;4166.5;12000;64;0;10;0.0;1;1;16;5
STA_A1;1;A;12.4065;14.2816;0;5.25;4;3;0;3;15.0;-82.0;1;4166.5;12000;64;0;10;0.0;1;1;16;5
AP_B;0;B;29.2028;15.3285;0;5.25;4;2;2;3;15.0;-82.0;1;1947.3138831529511;12000;64;0;10;0.0;1;1;16;5
STA_B1;1;B;28.1443;19.676;0;5.25;4;2;2;3;15.0;-82.0;1;1947.3138831529511;12000;64;0;10;0.0;1;1;16;5
AP_C;0;C;3.8766;7.213;0;5.25;0;2;2;2;15.0;-82.0;1;4417.068854279908;12000;64;0;10;0.0;1;1;16;5
STA_C1;1;C;6.5617;5.007;0;5.25;0;2;2;2;15.0;-82.0;1;4417.068854279908;12000;64;0;10;0.0;1;1;16;5
AP_D;0;D;0.8124;27.2663;0;5.25;4;0;0;0;15.0;-82.0;1;7015.071980483776;12000;64;0;10;0.0;1;1;16;5
STA_D1;1;D;4.4434;28.0905;0;5.25;4;0;0;0;15.0;-82.0;1;7015.071980483776;12000;64;0;10;0.0;1;1;16;5
