node_code;node_type;wlan_code;x(m);y(m);z(m);central_freq (GHz);channel_bonding_model;primary_channel;min_channel_allowed;max_channel_allowed;tx_power(dBm);cca(dBm);traffic_model;traffic_load[pkt/s];pkt_size[bit];num_pkt_agg;capture_eff_mode;capture_eff_thr;constant_PER;PIFS_activated;CW_adaptation;CW;CW_stage
AP_A;0;A;15;15;0;5.25;4;0;0;3;15.0;-82.0;4;4166.5;12000;64;0;10;0.0;1;1;16;5
STA_A1;1;A;19.7561;14.6417;0;5.25;4;0;0;3;15.0;-82.0;4;4166.5;12000;64;0;10;0.0;1;1;16;5
AP_B;0;B;12.6168;0.1075;0;5.25;0;3;3;3;15.0;-82.0;4;6990.158270421779;12000;64;0;10;0.0;1;1;16;5
STA_B1;1;B;8.6232;-0.8237;0;5.25;0;3;3;3;15.0;-82.0;4;6990.158270421779;12000;64;0;10;0.0;1;1;16;5
AP_C;0;C;0.1865;29.7303;0;5.25;0;3;2;3;15.0;-82.0;4;2250.3783692761817;12000;64;0;10;0.0;1;1;16;5
STA_C1;1;C;3.9382;28.4051;0;5.25;0;3;2;3;15.0;-82.0;4;2250.3783692761817;12000;64;0;10;0.0;1;1;16;5
AP_D;0;D;1.0052;14.629;0;5.25;4;1;0;3;15.0;-82.0;4;6867.212204277115;12000;64;0;10;0.0;1;1;16;5
STA_D1;1;D;-0.7962;13.5092;0;5.25;4;1;0;3;15.0;-82.0;4;6867.212204277115;12000;64;0;10;0.0;1;1;16;5
