node_code;node_type;wlan_code;x(m);y(m);z(m);central_freq (GHz);channel_bonding_model;primary_channel;min_channel_allowed;max_channel_allowed;tx_power(dBm);cca(dBm);traffic_model;traffic_load[pkt/s];pkt_size[bit];num_pkt_agg;capture_eff_mode;capture_eff_thr;constant_PER;PIFS_activated;CW_adaptation;CW;CW_stage
AP_A;0;A;15;15;0;5.25;4;0;0;3;15.0;-82.0;4;833.3;12000;64;0;10;0.0;1;1;16;5
STA_A1;1;A;11.6674;15.0803;0;5.25;4;0;0;3;15.0;-82.0;4;833.3;12000;64;0;10;0.0;1;1;16;5
AP_B;0;B;26.9537;16.1128;0;5.25;0;1;1;1;15.0;-82.0;4;989.7563784903315;12000;64;0;10;0.0;1;1;16;5
STA_B1;1;B;23.0997;18.2254;0;5.25;0;1;1;1;15.0;-82.0;4;989.7563784903315;12000;64;0;10;0.0;1;1;16;5
AP_C;0;C;8.5023;1.5032;0;5.25;4;3;2;3;15.0;-82.0;4;5883.321633565482;12000;64;0;10;0.0;1;1;16;5
STA_C1;1;C;6.3536;5.212;0;5.25;4;3;2;3;15.0;-82.0;4;5883.321633565482;12000;64;0;10;0.0;1;1;16;5
AP_D;0;D;23.7326;29.8761;0;5.25;4;3;2;3;15.0;-82.0;4;4401.967594012939;12000;64;0;10;0.0;1;1;16;5
STA_D1;1;D;19.3688;27.7073;0;5.25;4;3;2;3;15.0;-82.0;4;4401.967594012939;12000;64;0;10;0.0;1;1;16;5
