node_code;node_type;wlan_code;x(m);y(m);z(m);central_freq (GHz);channel_bonding_model;primary_channel;min_channel_allowed;max_channel_allowed;tx_power(dBm);cca(dBm);traffic_model;traffic_load[pkt/s];pkt_size[bit];num_pkt_agg;capture_eff_mode;capture_eff_thr;constant_PER;PIFS_activated;CW_adaptation;CW;CW_stage
AP_A;0;A;15;15;0;5.25;4;0;0;3;15.0;-82.0;1;833.3;12000;64;0;10;0.0;1;1;16;5
STA_A1;1;A;17.675;18.5879;0;5.25;4;0;0;3;15.0;-82.0;1;833.3;12000;64;0;10;0.0;1;1;16;5
AP_B;0;B;25.3701;20.8506;0;5.25;4;0;0;0;15.0;-82.0;1;4543.341830104078;12000;64;0;10;0.0;1;1;16;5
STA_B1;1;B;28.0466;21.2223;0;5.25;4;0;0;0;15.0;-82.0;1;4543.341830104078;12000;64;0;10;0.0;1;1;16;5
AP_C;0;C;18.0795;29.523;0;5.25;0;1;0;1;15.0;-82.0;1;4145.193775366079;12000;64;0;10;0.0;1;1;16;5
STA_C1;1;C;15.0487;25.5886;0;5.25;0;1;0;1;15.0;-82.0;1;4145.193775366079;12000;64;0;10;0.0;1;1;16;5
AP_D;0;D;0.4321;3.0212;0;5.25;0;3;3;3;15.0;-82.0;1;3895.9303841956535;12000;64;0;10;0.0;1;1;16;5
STA_D1;1;D;2.3261;-0.7135;0;5.25;0;3;3;3;15.0;-82.0;1;3895.9303841956535;12000;64;0;10;0.0;1;1;16;5
