node_code;node_type;wlan_code;x(m);y(m);z(m);central_freq (GHz);channel_bonding_model;primary_channel;min_channel_allowed;max_channel_allowed;tx_power(dBm);cca(dBm);traffic_model;traffic_load[pkt/s];pkt_size[bit];num_pkt_agg;capture_eff_mode;capture_eff_thr;constant_PER;PIFS_activated;CW_adaptation;CW;CW_stage
AP_A;0;A;15;15;0;5.25;4;1;0;3;15.0;-82.0;4;4166.5;12000;64;0;10;0.0;1;1;16;5
STA_A1;1;A;14.0313;16.8619;0;5.25;4;1;0;3;15.0;-82.0;4;4166.5;12000;64;0;10;0.0;1;1;16;5
AP_B;0;B;13.3768;3.3644;0;5.25;4;2;0;3;15.0;-82.0;4;2572.844107864649;12000;64;0;10;0.0;1;1;16;5
STA_B1;1;B;14.7425;7.1439;0;5.25;4;2;0;3;15.0;-82.0;4;2572.844107864649;12000;64;0;10;0.0;1;1;16;5
AP_C;0;C;2.3202;15.7535;0;5.25;4;0;0;3;15.0;-82.0;4;5332.100702494023;12000;64;0;10;0.0;1;1;16;5
STA_C1;1;C;5.0821;15.8854;0;5.25;4;0;0;3;15.0;-82.0;4;5332.100702494023;12000;64;0;10;0.0;1;1;16;5
AP_D;0;D;29.6639;20.532;0;5.25;0;0;0;1;15.0;-82.0;4;3395.838669031211;12000;64;0;10;0.0;1;1;16;5
STA_D1;1;D;30.5383;21.9364;0;5.25;0;0;0;1;15.0;-82.0;4;3395.838669031211;12000;64;0;10;0.0;1;1;16;5
