node_code;node_type;wlan_code;x(m);y(m);z(m);central_freq (GHz);channel_bonding_model;primary_channel;min_channel_allowed;max_channel_allowed;tx_power(dBm);cca(dBm);traffic_model;traffic_load[pkt/s];pkt_size[bit];num_pkt_agg;capture_eff_mode;capture_eff_thr;constant_PER;PIFS_activated;CW_adaptation;CW;CW_stage
AP_A;0;A;15;15;0;5.25;4;2;0;3;15.0;-82.0;4;833.3;12000;64;0;10;0.0;1;1;16;5
STA_A1;1;A;17.1522;17.2804;0;5.25;4;2;0;3;15.0;-82.0;4;833.3;12000;64;0;10;0.0;1;1;16;5
AP_B;0;B;25.8905;15.5496;0;5.25;4;0;0;3;15.0;-82.0;4;3648.281824043999;12000;64;0;10;0.0;1;1;16;5
STA_B1;1;B;21.6062;13.6721;0;5.25;4;0;0;3;15.0;-82.0;4;3648.281824043999;12000;64;0;10;0.0;1;1;16;5
AP_C;0;C;14.519;1.8545;0;5.25;0;1;0;3;15.0;-82.0;4;1949.7586351830444;12000;64;0;10;0.0;1;1;16;5
STA_C1;1;C;16.8696;2.9312;0;5.25;0;1;0;3;15.0;-82.0;4;1949.7586351830444;12000;64;0;10;0.0;1;1;16;5
AP_D;0;D;4.2341;18.6359;0;5.25;0;3;2;3;15.0;-82.0;4;7625.816782093959;12000;64;0;10;0.0;1;1;16;5
STA_D1;1;D;7.7411;19.5375;0;5.25;0;3;2;3;15.0;-82.0;4;7625.816782093959;12000;64;0;10;0.0;1;1;16;5
