node_code;node_type;wlan_code;x(m);y(m);z(m);central_freq (GHz);channel_bonding_model;primary_channel;min_channel_allowed;max_channel_allowed;tx_power(dBm);cca(dBm);traffic_model;traffic_load[pkt/s];pkt_size[bit];num_pkt_agg;capture_eff_mode;capture_eff_thr;constant_PER;PIFS_activated;CW_adaptation;CW;CW_stage
AP_A;0;A;15;15;0;5.25;4;1;0;3;15.0;-82.0;1;833.3;12000;64;0;10;0.0;1;1;16;5
STA_A1;1;A;14.8205;11.8857;0;5.25;4;1;0;3;15.0;-82.0;1;833.3;12000;64;0;10;0.0;1;1;16;5
AP_B;0;B;7.4769;5.0569;0;5.25;4;0;0;1;15.0;-82.0;1;3207.7926435993395;12000;64;0;10;0.0;1;1;16;5
STA_B1;1;B;7.3091;1.0255;0;5.25;4;0;0;1;15.0;-82.0;1;3207.7926435993395;12000;64;0;10;0.0;1;1;16;5
AP_C;0;C;25.8112;24.361;0;5.25;0;1;1;1;15.0;-82.0;1;1348.3016485923004;12000;64;0;10;0.0;1;1;16;5
STA_C1;1;C;22.7961;25.3018;0;5.25;0;1;1;1;15.0;-82.0;1;1348.3016485923004;12000;64;0;10;0.0;1;1;16;5
AP_D;0;D;25.6588;12.1543;0;5.25;0;0;0;0;15.0;-82.0;1;1303.3240843609676;12000;64;0;10;0.0;1;1;16;5
STA_D1;1;D;21.3445;9.6935;0;5.25;0;0;0;0;15.0;-82.0;1;1303.3240843609676;12000;64;0;10;0.0;1;1;16;5
