node_code;node_type;wlan_code;x(m);y(m);z(m);central_freq (GHz);channel_bonding_model;primary_channel;min_channel_allowed;max_channel_allowed;tx_power(dBm);cca(dBm);traffic_model;traffic_load[pkt/s];pkt_size[bit];num_pkt_agg;capture_eff_mode;capture_eff_thr;constant_PER;PIFS_activated;CW_adaptation;CW;CW_stage
AP_A;0;A;15;15;0;5.25;4;0;0;3;15.0;-82.0;4;1666.6;12000;64;0;10;0.0;1;1;16;5
STA_A1;1;A;12.577;19.3535;0;5.25;4;0;0;3;15.0;-82.0;4;1666.6;12000;64;0;10;0.0;1;1;16;5
AP_B;0;B;27.5386;1.2247;0;5.25;0;0;0;0;15.0;-82.0;4;8045.739360783174;12000;64;0;10;0.0;1;1;16;5
STA_B1;1;B;29.955;0.1929;0;5.25;0;0;0;0;15.0;-82.0;4;8045.739360783174;12000;64;0;10;0.0;1;1;16;5
AP_C;0;C;8.1506;23.0341;0;5.25;0;0;0;0;15.0;-82.0;4;7680.1414104105515;12000;64;0;10;0.0;1;1;16;5
STA_C1;1;C;7.8784;25.8307;0;5.25;0;0;0;0;15.0;-82.0;4;7680.1414104105515;12000;64;0;10;0.0;1;1;16;5
AP_D;0;D;5.073;11.8725;0;5.25;0;3;0;3;15.0;-82.0;4;5897.886618759636;12000;64;0;10;0.0;1;1;16;5
STA_D1;1;D;1.367;11.9282;0;5.25;0;3;0;3;15.0;-82.0;4;5897.886618759636;12000;64;0;10;0.0;1;1;16;5
