node_code;node_type;wlan_code;x(m);y(m);z(m);central_freq (GHz);channel_bonding_model;primary_channel;min_channel_allowed;max_channel_allowed;tx_power(dBm);cca(dBm);traffic_model;traffic_load[pkt/s];pkt_size[bit];num_pkt_agg;capture_eff_mode;capture_eff_thr;constant_PER;PIFS_activated;CW_adaptation;CW;CW_stage
AP_A;0;A;15;15;0;5.25;4;0;0;3;15.0;-82.0;4;4166.5;12000;64;0;10;0.0;1;1;16;5
STA_A1;1;A;11.8146;15.0683;0;5.25;4;0;0;3;15.0;-82.0;4;4166.5;12000;64;0;10;0.0;1;1;16;5
AP_B;0;B;29.9283;19.7839;0;5.25;0;3;2;3;15.0;-82.0;4;7523.360316180173;12000;64;0;10;0.0;1;1;16;5
STA_B1;1;B;25.462;18.327;0;5.25;0;3;2;3;15.0;-82.0;4;7523.360316180173;12000;64;0;10;0.0;1;1;16;5
AP_C;0;C;1.3497;7.0072;0;5.25;4;1;1;1;15.0;-82.0;4;889.6441504794714;12000;64;0;10;0.0;1;1;16;5
STA_C1;1;C;-0.7998;5.2733;0;5.25;4;1;1;1;15.0;-82.0;4;889.6441504794714;12000;64;0;10;0.0;1;1;16;5
AP_D;0;D;22.5941;1.6321;0;5.25;4;2;2;2;15.0;-82.0;4;5758.9846614206945;12000;64;0;10;0.0;1;1;16;5
STA_D1;1;D;23.63;0.0747;0;5.25;4;2;2;2;15.0;-82.0;4;5758.9846614206945;12000;64;0;10;0.0;1;1;16;5
