node_code;node_type;wlan_code;x(m);y(m);z(m);central_freq (GHz);channel_bonding_model;primary_channel;min_channel_allowed;max_channel_allowed;tx_power(dBm);cca(dBm);traffic_model;traffic_load[pkt/s];pkt_size[bit];num_pkt_agg;capture_eff_mode;capture_eff_thr;constant_PER;PIFS_activated;CW_adaptation;CW;CW_stage
AP_A;0;A;15;15;0;5.25;4;0;0;3;15.0;-82.0;1;833.3;12000;64;0;10;0.0;1;1;16;5
STA_A1;1;A;11.006;15.4467;0;5.25;4;0;0;3;15.0;-82.0;1;833.3;12000;64;0;10;0.0;1;1;16;5
AP_B;0;B;18.0794;25.1056;0;5.25;0;1;1;1;15.0;-82.0;1;3123.7884609246303;12000;64;0;10;0.0;1;1;16;5
STA_B1;1;B;20.8644;28.1039;0;5.25;0;1;1;1;15.0;-82.0;1;3123.7884609246303;12000;64;0;10;0.0;1;1;16;5
AP_C;0;C;8.6373;3.0646;0;5.25;4;1;0;1;15.0;-82.0;1;2537.963294129975;12000;64;0;10;0.0;1;1;16;5
STA_C1;1;C;9.2711;7.3035;0;5.25;4;1;0;1;15.0;-82.0;1;2537.963294129975;12000;64;0;10;0.0;1;1;16;5
AP_D;0;D;1.5289;29.0045;0;5.25;4;0;0;3;15.0;-82.0;1;2499.3092358173735;12000;64;0;10;0.0;1;1;16;5
STA_D1;1;D;3.2728;25.9042;0;5.25;4;0;0;3;15.0;-82.0;1;2499.3092358173735;12000;64;0;10;0.0;1;1;16;5
