node_code;node_type;wlan_code;x(m);y(m);z(m);central_freq (GHz);channel_bonding_model;primary_channel;min_channel_allowed;max_channel_allowed;tx_power(dBm);cca(dBm);traffic_model;traffic_load[pkt/s];pkt_size[bit];num_pkt_agg;capture_eff_mode;capture_eff_thr;constant_PER;PIFS_activated;CW_adaptation;CW;CW_stage
AP_A;0;A;15;15;0;5.25;4;0;0;3;15.0;-82.0;1;8333.0;12000;64;0;10;0.0;1;1;16;5
STA_A1;1;A;17.6629;14.1034;0;5.25;4;0;0;3;15.0;-82.0;1;8333.0;12000;64;0;10;0.0;1;1;16;5
AP_B;0;B;5.0272;19.9807;0;5.25;4;0;0;0;15.0;-82.0;1;2245.5290316589444;12000;64;0;10;0.0;1;1;16;5
STA_B1;1;B;2.9546;15.7501;0;5.25;4;0;0;0;15.0;-82.0;1;2245.5290316589444;12000;64;0;10;0.0;1;1;16;5
AP_C;0;C;25.0107;9.6154;0;5.25;4;3;0;3;15.0;-82.0;1;7857.374320769495;12000;64;0;10;0.0;1;1;16;5
STA_C1;1;C;21.478;13.0091;0;5.25;4;3;0;3;15.0;-82.0;1;7857.374320769495;12000;64;0;10;0.0;1;1;16;5
AP_D;0;D;9.6697;5.4634;0;5.25;4;1;0;1;15.0;-82.0;1;1377.9353146375147;12000;64;0;10;0.0;1;1;16;5
STA_D1;1;D;13.817;3.6314;0;5.25;4;1;0;1;15.0;-82.0;1;1377.9353146375147;12000;64;0;10;0.0;1;1;16;5
