node_code;node_type;wlan_code;x(m);y(m);z(m);central_freq (GHz);channel_bonding_model;primary_channel;min_channel_allowed;max_channel_allowed;tx_power(dBm);cca(dBm);traffic_model;traffic_load[pkt/s];pkt_size[bit];num_pkt_agg;capture_eff_mode;capture_eff_thr;constant_PER;PIFS_activated;CW_adaptation;CW;CW_stage
AP_A;0;A;15;15;0;5.25;4;1;0;3;15.0;-82.0;1;4166.5;12000;64;0;10;0.0;1;1;16;5
STA_A1;1;A;12.5441;11.6163;0;5.25;4;1;0;3;15.0;-82.0;1;4166.5;12000;64;0;10;0.0;1;1;16;5
AP_B;0;B;2.9449;14.4849;0;5.25;4;1;0;3;15.0;-82.0;1;2922.09084787333;12000;64;0;10;0.0;1;1;16;5
STA_B1;1;B;0.3281;16.8672;0;5.25;4;1;0;3;15.0;-82.0;1;2922.09084787333;12000;64;0;10;0.0;1;1;16;5
AP_C;0;C;20.6627;0.4475;0;5.25;0;2;2;2;15.0;-82.0;1;7837.243022057876;12000;64;0;10;0.0;1;1;16;5
STA_C1;1;C;22.1705;4.4563;0;5.25;0;2;2;2;15.0;-82.0;1;7837.243022057876;12000;64;0;10;0.0;1;1;16;5
AP_D;0;D;23.2329;27.1385;0;5.25;0;3;2;3;15.0;-82.0;1;4524.325653431906;12000;64;0;10;0.0;1;1;16;5
STA_D1;1;D;27.3012;25.5158;0;5.25;0;3;2;3;15.0;-82.0;1;4524.325653431906;12000;64;0;10;0.0;1;1;16;5
