node_code;node_type;wlan_code;x(m);y(m);z(m);central_freq (GHz);channel_bonding_model;primary_channel;min_channel_allowed;max_channel_allowed;tx_power(dBm);cca(dBm);traffic_model;traffic_load[pkt/s];pkt_size[bit];num_pkt_agg;capture_eff_mode;capture_eff_thr;constant_PER;PIFS_activated;CW_adaptation;CW;CW_stage
AP_A;0;A;15;15;0;5.25;4;3;0;3;15.0;-82.0;1;8333.0;12000;64;0;10;0.0;1;1;16;5
STA_A1;1;A;17.3631;16.7525;0;5.25;4;3;0;3;15.0;-82.0;1;8333.0;12000;64;0;10;0.0;1;1;16;5
AP_B;0;B;5.1347;7.5293;0;5.25;4;2;2;3;15.0;-82.0;1;1386.8163834883394;12000;64;0;10;0.0;1;1;16;5
STA_B1;1;B;6.1317;9.8769;0;5.25;4;2;2;3;15.0;-82.0;1;1386.8163834883394;12000;64;0;10;0.0;1;1;16;5
AP_C;0;C;26.5548;4.0663;0;5.25;0;3;2;3;15.0;-82.0;1;1263.8827716013045;12000;64;0;10;0.0;1;1;16;5
STA_C1;1;C;28.2734;2.7177;0;5.25;0;3;2;3;15.0;-82.0;1;1263.8827716013045;12000;64;0;10;0.0;1;1;16;5
AP_D;0;D;22.032;28.4349;0;5.25;0;0;0;3;15.0;-82.0;1;4249.127893434024;12000;64;0;10;0.0;1;1;16;5
STA_D1;1;D;18.088;28.8765;0;5.25;0;0;0;3;15.0;-82.0;1;4249.127893434024;12000;64;0;10;0.0;1;1;16;5
