node_code;node_type;wlan_code;x(m);y(m);z(m);central_freq (GHz);channel_bonding_model;primary_channel;min_channel_allowed;max_channel_allowed;tx_power(dBm);cca(dBm);traffic_model;traffic_load[pkt/s];pkt_size[bit];num_pkt_agg;capture_eff_mode;capture_eff_thr;constant_PER;PIFS_activated;CW_adaptation;CW;CW_stage
AP_A;0;A;15;15;0;5.25;4;2;0;3;15.0;-82.0;1;4166.5;12000;64;0;10;0.0;1;1;16;5
STA_A1;1;A;17.0001;16.6743;0;5.25;4;2;0;3;15.0;-82.0;1;4166.5;12000;64;0;10;0.0;1;1;16;5
AP_B;0;B;26.5837;21.4584;0;5.25;4;1;0;1;15.0;-82.0;1;5545.50122852406;12000;64;0;10;0.0;1;1;16;5
STA_B1;1;B;27.3162;24.7596;0;5.25;4;1;0;1;15.0;-82.0;1;5545.50122852406;12000;64;0;10;0.0;1;1;16;5
AP_C;0;C;18.0796;2.2807;0;5.25;4;2;2;3;15.0;-82.0;1;3584.844263751146;12000;64;0;10;0.0;1;1;16;5
STA_C1;1;C;13.8511;0.0669;0;5.25;4;2;2;3;15.0;-82.0;1;3584.844263751146;12000;64;0;10;0.0;1;1;16;5
AP_D;0;D;7.0342;8.2448;0;5.25;0;2;2;3;15.0;-82.0;1;7776.806384104893;12000;64;0;10;0.0;1;1;16;5
STA_D1;1;D;4.8844;4.4554;0;5.25;0;2;2;3;15.0;-82.0;1;7776.806384104893;12000;64;0;10;0.0;1;1;16;5
