node_code;node_type;wlan_code;x(m);y(m);z(m);central_freq (GHz);channel_bonding_model;primary_channel;min_channel_allowed;max_channel_allowed;tx_power(dBm);cca(dBm);traffic_model;traffic_load[pkt/s];pkt_size[bit];num_pkt_agg;capture_eff_mode;capture_eff_thr;constant_PER;PIFS_activated;CW_adaptation;CW;CW_stage
AP_A;0;A;15;15;0;5.25;4;2;0;3;15.0;-82.0;1;4166.5;12000;64;0;10;0.0;1;1;16;5
STA_A1;1;A;19.7398;13.97;0;5.25;4;2;0;3;15.0;-82.0;1;4166.5;12000;64;0;10;0.0;1;1;16;5
AP_B;0;B;3.5645;24.8111;0;5.25;4;1;0;1;15.0;-82.0;1;3925.467710711009;12000;64;0;10;0.0;1;1;16;5
STA_B1;1;B;-0.2108;22.187;0;5.25;4;1;0;1;15.0;-82.0;1;3925.467710711009;12000;64;0;10;0.0;1;1;16;5
AP_C;0;C;29.5771;3.9658;0;5.25;0;0;0;0;15.0;-82.0;1;2455.069648615165;12000;64;0;10;0.0;1;1;16;5
STA_C1;1;C;32.7072;7.6911;0;5.25;0;0;0;0;15.0;-82.0;1;2455.069648615165;12000;64;0;10;0.0;1;1;16;5
AP_D;0;D;29.9888;18.3499;0;5.25;4;1;1;1;15.0;-82.0;1;1881.1713877814836;12000;64;0;10;0.0;1;1;16;5
STA_D1;1;D;31.1336;15.4778;0;5.25;4;1;1;1;15.0;-82.0;1;1881.1713877814836;12000;64;0;10;0.0;1;1;16;5
