node_code;node_type;wlan_code;x(m);y(m);z(m);central_freq (GHz);channel_bonding_model;primary_channel;min_channel_allowed;max_channel_allowed;tx_power(dBm);cca(dBm);traffic_model;traffic_load[pkt/s];pkt_size[bit];num_pkt_agg;capture_eff_mode;capture_eff_thr;constant_PER;PIFS_activated;CW_adaptation;CW;CW_stage
AP_A;0;A;15;15;0;5.25;4;0;0;3;15.0;-82.0;1;8333.0;12000;64;0;10;0.0;1;1;16;5
STA_A1;1;A;18.0934;16.291;0;5.25;4;0;0;3;15.0;-82.0;1;8333.0;12000;64;0;10;0.0;1;1;16;5
AP_B;0;B;1.0467;28.2008;0;5.25;4;0;0;1;15.0;-82.0;1;1612.391276235811;12000;64;0;10;0.0;1;1;16;5
STA_B1;1;B;-0.6374;24.7168;0;5.25;4;0;0;1;15.0;-82.0;1;1612.391276235811;12000;64;0;10;0.0;1;1;16;5
AP_C;0;C;27.7087;5.9502;0;5.25;0;2;2;3;15.0;-82.0;1;1960.9073628711196;12000;64;0;10;0.0;1;1;16;5
STA_C1;1;C;23.1972;6.5761;0;5.25;0;2;2;3;15.0;-82.0;1;1960.9073628711196;12000;64;0;10;0.0;1;1;16;5
AP_D;0;D;19.132;26.2819;0;5.25;0;1;0;1;15.0;-82.0;1;3478.39346379978;12000;64;0;10;0.0;1;1;16;5
STA_D1;1;D;16.0776;25.8431;0;5.25;0;1;0;1;15.0;-82.0;1;3478.39346379978;12000;64;0;10;0.0;1;1;16;5
