node_code;node_type;wlan_code;x(m);y(m);z(m);central_freq (GHz);channel_bonding_model;primary_channel;min_channel_allowed;max_channel_allowed;tx_power(dBm);cca(dBm);traffic_model;traffic_load[pkt/s];pkt_size[bit];num_pkt_agg;capture_eff_mode;capture_eff_thr;constant_PER;PIFS_activated;CW_adaptation;CW;CW_stage
AP_A;0;A;15;15;0;5.25;4;3;0;3;15.0;-82.0;1;1666.6;12000;64;0;10;0.0;1;1;16;5
STA_A1;1;A;14.7137;17.0084;0;5.25;4;3;0;3;15.0;-82.0;1;1666.6;12000;64;0;10;0.0;1;1;16;5
AP_B;0;B;27.4123;24.1262;0;5.25;0;1;1;1;15.0;-82.0;1;2296.7738029085513;12000;64;0;10;0.0;1;1;16;5
STA_B1;1;B;22.7304;24.5021;0;5.25;0;1;1;1;15.0;-82.0;1;2296.7738029085513;12000;64;0;10;0.0;1;1;16;5
AP_C;0;C;4.342;18.6569;0;5.25;4;1;1;1;15.0;-82.0;1;1087.3746330220242;12000;64;0;10;0.0;1;1;16;5
STA_C1;1;C;7.6125;22.0509;0;5.25;4;1;1;1;15.0;-82.0;1;1087.3746330220242;12000;64;0;10;0.0;1;1;16;5
AP_D;0;D;8.7729;3.861;0;5.25;4;1;0;1;15.0;-82.0;1;7685.137124411188;12000;64;0;10;0.0;1;1;16;5
STA_D1;1;D;6.4541;3.6264;0;5.25;4;1;0;1;15.0;-82.0;1;7685.137124411188;12000;64;0;10;0.0;1;1;16;5
