node_code;node_type;wlan_code;x(m);y(m);z(m);central_freq (GHz);channel_bonding_model;primary_channel;min_channel_allowed;max_channel_allowed;tx_power(dBm);cca(dBm);traffic_model;traffic_load[pkt/s];pkt_size[bit];num_pkt_agg;capture_eff_mode;capture_eff_thr;constant_PER;PIFS_activated;CW_adaptation;CW;CW_stage
AP_A;0;A;15;15;0;5.25;4;0;0;3;15.0;-82.0;1;4166.5;12000;64;0;10;0.0;1;1;16;5
STA_A1;1;A;17.2476;17.4682;0;5.25;4;0;0;3;15.0;-82.0;1;4166.5;12000;64;0;10;0.0;1;1;16;5
AP_B;0;B;2.321;20.8056;0;5.25;0;0;0;0;15.0;-82.0;1;2348.457014729442;12000;64;0;10;0.0;1;1;16;5
STA_B1;1;B;6.0113;22.7766;0;5.25;0;0;0;0;15.0;-82.0;1;2348.457014729442;12000;64;0;10;0.0;1;1;16;5
AP_C;0;C;18.2123;4.8027;0;5.25;4;0;0;0;15.0;-82.0;1;4164.494262869043;12000;64;0;10;0.0;1;1;16;5
STA_C1;1;C;15.6067;4.0979;0;5.25;4;0;0;0;15.0;-82.0;1;4164.494262869043;12000;64;0;10;0.0;1;1;16;5
AP_D;0;D;1.5625;2.9999;0;5.25;4;1;0;3;15.0;-82.0;1;5311.610620416794;12000;64;0;10;0.0;1;1;16;5
STA_D1;1;D;3.2792;3.0843;0;5.25;4;1;0;3;15.0;-82.0;1;5311.610620416794;12000;64;0;10;0.0;1;1;16;5
