node_code;node_type;wlan_code;x(m);y(m);z(m);central_freq (GHz);channel_bonding_model;primary_channel;min_channel_allowed;max_channel_allowed;tx_power(dBm);cca(dBm);traffic_model;traffic_load[pkt/s];pkt_size[bit];num_pkt_agg;capture_eff_mode;capture_eff_thr;constant_PER;PIFS_activated;CW_adaptation;CW;CW_stage
AP_A;0;A;15;15;0;5.25;4;2;0;3;15.0;-82.0;4;1666.6;12000;64;0;10;0.0;1;1;16;5
STA_A1;1;A;12.8616;17.6062;0;5.25;4;2;0;3;15.0;-82.0;4;1666.6;12000;64;0;10;0.0;1;1;16;5
AP_B;0;B;0.5619;21.4551;0;5.25;4;2;2;2;15.0;-82.0;4;5215.465274518778;12000;64;0;10;0.0;1;1;16;5
STA_B1;1;B;2.1716;17.8877;0;5.25;4;2;2;2;15.0;-82.0;4;5215.465274518778;12000;64;0;10;0.0;1;1;16;5
AP_C;0;C;1.2129;1.2718;0;5.25;4;0;0;1;15.0;-82.0;4;7416.1604788083005;12000;64;0;10;0.0;1;1;16;5
STA_C1;1;C;3.3378;5.3437;0;5.25;4;0;0;1;15.0;-82.0;4;7416.1604788083005;12000;64;0;10;0.0;1;1;16;5
AP_D;0;D;11.5227;28.2752;0;5.25;4;1;0;3;15.0;-82.0;4;4154.949561148723;12000;64;0;10;0.0;1;1;16;5
STA_D1;1;D;10.6051;32.1524;0;5.25;4;1;0;3;15.0;-82.0;4;4154.949561148723;12000;64;0;10;0.0;1;1;16;5
