node_code;node_type;wlan_code;x(m);y(m);z(m);central_freq (GHz);channel_bonding_model;primary_channel;min_channel_allowed;max_channel_allowed;tx_power(dBm);cca(dBm);traffic_model;traffic_load[pkt/s];pkt_size[bit];num_pkt_agg;capture_eff_mode;capture_eff_thr;constant_PER;PIFS_activated;CW_adaptation;CW;CW_stage
AP_A;0;A;15;15;0;5.25;4;2;0;3;15.0;-82.0;4;1666.6;12000;64;0;10;0.0;1;1;16;5
STA_A1;1;A;17.7951;15.0359;0;5.25;4;2;0;3;15.0;-82.0;4;1666.6;12000;64;0;10;0.0;1;1;16;5
AP_B;0;B;24.6093;22.8032;0;5.25;0;0;0;1;15.0;-82.0;4;1201.585607705876;12000;64;0;10;0.0;1;1;16;5
STA_B1;1;B;22.2284;19.6187;0;5.25;0;0;0;1;15.0;-82.0;4;1201.585607705876;12000;64;0;10;0.0;1;1;16;5
AP_C;0;C;29.1154;11.5873;0;5.25;4;2;2;3;15.0;-82.0;4;4042.5785079371844;12000;64;0;10;0.0;1;1;16;5
STA_C1;1;C;31.219;15.0711;0;5.25;4;2;2;3;15.0;-82.0;4;4042.5785079371844;12000;64;0;10;0.0;1;1;16;5
AP_D;0;D;21.3033;1.2481;0;5.25;4;0;0;0;15.0;-82.0;4;4523.524306974674;12000;64;0;10;0.0;1;1;16;5
STA_D1;1;D;24.0086;1.0743;0;5.25;4;0;0;0;15.0;-82.0;4;4523.524306974674;12000;64;0;10;0.0;1;1;16;5
