node_code;node_type;wlan_code;x(m);y(m);z(m);central_freq (GHz);channel_bonding_model;primary_channel;min_channel_allowed;max_channel_allowed;tx_power(dBm);cca(dBm);traffic_model;traffic_load[pkt/s];pkt_size[bit];num_pkt_agg;capture_eff_mode;capture_eff_thr;constant_PER;PIFS_activated;CW_adaptation;CW;CW_stage
AP_A;0;A;15;15;0;5.25;4;3;0;3;15.0;-82.0;4;1666.6;12000;64;0;10;0.0;1;1;16;5
STA_A1;1;A;14.638;19.1926;0;5.25;4;3;0;3;15.0;-82.0;4;1666.6;12000;64;0;10;0.0;1;1;16;5
AP_B;0;B;18.2199;0.4352;0;5.25;4;0;0;3;15.0;-82.0;4;4534.895089002144;12000;64;0;10;0.0;1;1;16;5
STA_B1;1;B;21.2919;0.3081;0;5.25;4;0;0;3;15.0;-82.0;4;4534.895089002144;12000;64;0;10;0.0;1;1;16;5
AP_C;0;C;11.4688;27.8092;0;5.25;4;0;0;1;15.0;-82.0;4;6433.772566528927;12000;64;0;10;0.0;1;1;16;5
STA_C1;1;C;14.6113;30.1981;0;5.25;4;0;0;1;15.0;-82.0;4;6433.772566528927;12000;64;0;10;0.0;1;1;16;5
AP_D;0;D;29.7857;25.1829;0;5.25;0;0;0;0;15.0;-82.0;4;2677.148245830582;12000;64;0;10;0.0;1;1;16;5
STA_D1;1;D;30.4464;28.902;0;5.25;0;0;0;0;15.0;-82.0;4;2677.148245830582;12000;64;0;10;0.0;1;1;16;5
