node_code;node_type;wlan_code;x(m);y(m);z(m);central_freq (GHz);channel_bonding_model;primary_channel;min_channel_allowed;max_channel_allowed;tx_power(dBm);cca(dBm);traffic_model;traffic_load[pkt/s];pkt_size[bit];num_pkt_agg;capture_eff_mode;capture_eff_thr;constant_PER;PIFS_activated;CW_adaptation;CW;CW_stage
AP_A;0;A;15;15;0;5.25;4;2;0;3;15.0;-82.0;1;4166.5;12000;64;0;10;0.0;1;1;16;5
STA_A1;1;A;13.1419;11.5474;0;5.25;4;2;0;3;15.0;-82.0;1;4166.5;12000;64;0;10;0.0;1;1;16;5
AP_B;0;B;28.2475;7.134;0;5.25;4;3;3;3;15.0;-82.0;1;3709.4053915400627;12000;64;0;10;0.0;1;1;16;5
STA_B1;1;B;32.9525;5.6376;0;5.25;4;3;3;3;15.0;-82.0;1;3709.4053915400627;12000;64;0;10;0.0;1;1;16;5
AP_C;0;C;25.4012;29.2294;0;5.25;4;2;0;3;15.0;-82.0;1;5668.3901510440555;12000;64;0;10;0.0;1;1;16;5
STA_C1;1;C;22.5168;27.4077;0;5.25;4;2;0;3;15.0;-82.0;1;5668.3901510440555;12000;64;0;10;0.0;1;1;16;5
AP_D;0;D;7.2563;6.0453;0;5.25;4;3;3;3;15.0;-82.0;1;3006.3377951373304;12000;64;0;10;0.0;1;1;16;5
STA_D1;1;D;5.359;9.2888;0;5.25;4;3;3;3;15.0;-82.0;1;3006.3377951373304;12000;64;0;10;0.0;1;1;16;5
