node_code;node_type;wlan_code;x(m);y(m);z(m);central_freq (GHz);channel_bonding_model;primary_channel;min_channel_allowed;max_channel_allowed;tx_power(dBm);cca(dBm);traffic_model;traffic_load[pkt/s];pkt_size[bit];num_pkt_agg;capture_eff_mode;capture_eff_thr;constant_PER;PIFS_activated;CW_adaptation;CW;CW_stage
AP_A;0;A;15;15;0;5.25;4;3;0;3;15.0;-82.0;1;1666.6;12000;64;0;10;0.0;1;1;16;5
STA_A1;1;A;13.3211;11.3306;0;5.25;4;3;0;3;15.0;-82.0;1;1666.6;12000;64;0;10;0.0;1;1;16;5
AP_B;0;B;16.6896;0.5974;0;5.25;4;1;0;1;15.0;-82.0;1;1006.190397570567;12000;64;0;10;0.0;1;1;16;5
STA_B1;1;B;12.8257;-2.236;0;5.25;4;1;0;1;15.0;-82.0;1;1006.190397570567;12000;64;0;10;0.0;1;1;16;5
AP_C;0;C;29.8953;22.3734;0;5.25;0;2;2;2;15.0;-82.0;1;6236.90608491848;12000;64;0;10;0.0;1;1;16;5
STA_C1;1;C;29.618;26.5381;0;5.25;0;2;2;2;15.0;-82.0;1;6236.90608491848;12000;64;0;10;0.0;1;1;16;5
AP_D;0;D;9.7499;28.0601;0;5.25;0;0;0;1;15.0;-82.0;1;7096.756666693506;12000;64;0;10;0.0;1;1;16;5
STA_D1;1;D;14.0459;29.024;0;5.25;0;0;0;1;15.0;-82.0;1;7096.756666693506;12000;64;0;10;0.0;1;1;16;5
