node_code;node_type;wlan_code;x(m);y(m);z(m);central_freq (GHz);channel_bonding_model;primary_channel;min_channel_allowed;max_channel_allowed;tx_power(dBm);cca(dBm);traffic_model;traffic_load[pkt/s];pkt_size[bit];num_pkt_agg;capture_eff_mode;capture_eff_thr;constant_PER;PIFS_activated;CW_adaptation;CW;CW_stage
AP_A;0;A;15;15;0;5.25;4;2;0;3;15.0;-82.0;1;4166.5;12000;64;0;10;0.0;1;1;16;5
STA_A1;1;A;18.8634;13.4418;0;5.25;4;2;0;3;15.0;-82.0;1;4166.5;12000;64;0;10;0.0;1;1;16;5
AP_B;0;B;5.0254;9.3124;0;5.25;4;2;2;3;15.0;-82.0;1;3930.7074468142755;12000;64;0;10;0.0;1;1;16;5
STA_B1;1;B;8.2758;8.3706;0;5.25;4;2;2;3;15.0;-82.0;1;3930.7074468142755;12000;64;0;10;0.0;1;1;16;5
AP_C;0;C;18.9374;27.6334;0;5.25;0;2;0;3;15.0;-82.0;1;6081.706453211987;12000;64;0;10;0.0;1;1;16;5
STA_C1;1;C;21.4217;31.0613;0;5.25;0;2;0;3;15.0;-82.0;1;6081.706453211987;12000;64;0;10;0.0;1;1;16;5
AP_D;0;D;29.3416;23.4447;0;5.25;4;1;0;1;15.0;-82.0;1;5767.664080389703;12000;64;0;10;0.0;1;1;16;5
STA_D1;1;D;31.2517;23.6713;0;5.25;4;1;0;1;15.0;-82.0;1;5767.664080389703;12000;64;0;10;0.0;1;1;16;5
