node_code;node_type;wlan_code;x(m);y(m);z(m);central_freq (GHz);channel_bonding_model;primary_channel;min_channel_allowed;max_channel_allowed;tx_power(dBm);cca(dBm);traffic_model;traffic_load[pkt/s];pkt_size[bit];num_pkt_agg;capture_eff_mode;capture_eff_thr;constant_PER;PIFS_activated;CW_adaptation;CW;CW_stage
AP_A;0;A;15;15;0;5.25;4;1;0;3;15.0;-82.0;4;8333.0;12000;64;0;10;0.0;1;1;16;5
STA_A1;1;A;16.2086;10.5153;0;5.25;4;1;0;3;15.0;-82.0;4;8333.0;12000;64;0;10;0.0;1;1;16;5
AP_B;0;B;25.0221;6.8247;0;5.25;0;0;0;3;15.0;-82.0;4;1544.902199392096;12000;64;0;10;0.0;1;1;16;5
STA_B1;1;B;29.011;8.3691;0;5.25;0;0;0;3;15.0;-82.0;4;1544.902199392096;12000;64;0;10;0.0;1;1;16;5
AP_C;0;C;29.4119;21.9281;0;5.25;4;1;0;3;15.0;-82.0;4;8050.239258794951;12000;64;0;10;0.0;1;1;16;5
STA_C1;1;C;27.728;18.1534;0;5.25;4;1;0;3;15.0;-82.0;4;8050.239258794951;12000;64;0;10;0.0;1;1;16;5
AP_D;0;D;0.3205;18.3338;0;5.25;4;3;0;3;15.0;-82.0;4;3275.1109221059924;12000;64;0;10;0.0;1;1;16;5
STA_D1;1;D;-3.4442;16.5884;0;5.25;4;3;0;3;15.0;-82.0;4;3275.1109221059924;12000;64;0;10;0.0;1;1;16;5
