node_code;node_type;wlan_code;x(m);y(m);z(m);central_freq (GHz);channel_bonding_model;primary_channel;min_channel_allowed;max_channel_allowed;tx_power(dBm);cca(dBm);traffic_model;traffic_load[pkt/s];pkt_size[bit];num_pkt_agg;capture_eff_mode;capture_eff_thr;constant_PER;PIFS_activated;CW_adaptation;CW;CW_stage
AP_A;0;A;15;15;0;5.25;4;3;0;3;15.0;-82.0;4;833.3;12000;64;0;10;0.0;1;1;16;5
STA_A1;1;A;14.9433;10.6765;0;5.25;4;3;0;3;15.0;-82.0;4;833.3;12000;64;0;10;0.0;1;1;16;5
AP_B;0;B;4.9437;23.0691;0;5.25;0;3;3;3;15.0;-82.0;4;2619.3442064905325;12000;64;0;10;0.0;1;1;16;5
STA_B1;1;B;7.5276;23.8253;0;5.25;0;3;3;3;15.0;-82.0;4;2619.3442064905325;12000;64;0;10;0.0;1;1;16;5
AP_C;0;C;7.6199;3.3673;0;5.25;0;0;0;1;15.0;-82.0;4;7191.579788299806;12000;64;0;10;0.0;1;1;16;5
STA_C1;1;C;8.2036;-0.6361;0;5.25;0;0;0;1;15.0;-82.0;4;7191.579788299806;12000;64;0;10;0.0;1;1;16;5
AP_D;0;D;20.1403;5.8615;0;5.25;4;3;3;3;15.0;-82.0;4;1073.6691323211205;12000;64;0;10;0.0;1;1;16;5
STA_D1;1;D;20.6535;2.8227;0;5.25;4;3;3;3;15.0;-82.0;4;1073.6691323211205;12000;64;0;10;0.0;1;1;16;5
