node_code;node_type;wlan_code;x(m);y(m);z(m);central_freq (GHz);channel_bonding_model;primary_channel;min_channel_allowed;max_channel_allowed;tx_power(dBm);cca(dBm);traffic_model;traffic_load[pkt/s];pkt_size[bit];num_pkt_agg;capture_eff_mode;capture_eff_thr;constant_PER;PIFS_activated;CW_adaptation;CW;CW_stage
AP_A;0;A;15;15;0;5.25;4;1;0;3;15.0;-82.0;4;8333.0;12000;64;0;10;0.0;1;1;16;5
STA_A1;1;A;16.6209;19.23;0;5.25;4;1;0;3;15.0;-82.0;4;8333.0;12000;64;0;10;0.0;1;1;16;5
AP_B;0;B;7.5576;26.4971;0;5.25;0;2;2;2;15.0;-82.0;4;6335.640785600657;12000;64;0;10;0.0;1;1;16;5
STA_B1;1;B;8.8476;31.1233;0;5.25;0;2;2;2;15.0;-82.0;4;6335.640785600657;12000;64;0;10;0.0;1;1;16;5
AP_C;0;C;7.7132;3.4741;0;5.25;4;2;2;3;15.0;-82.0;4;3520.121267451358;12000;64;0;10;0.0;1;1;16;5
STA_C1;1;C;9.5356;2.2041;0;5.25;4;2;2;3;15.0;-82.0;4;3520.121267451358;12000;64;0;10;0.0;1;1;16;5
AP_D;0;D;25.046;18.5782;0;5.25;4;0;0;0;15.0;-82.0;4;6555.2258849533955;12000;64;0;10;0.0;1;1;16;5
STA_D1;1;D;28.3298;17.6973;0;5.25;4;0;0;0;15.0;-82.0;4;6555.2258849533955;12000;64;0;10;0.0;1;1;16;5
