node_code;node_type;wlan_code;x(m);y(m);z(m);central_freq (GHz);channel_bonding_model;primary_channel;min_channel_allowed;max_channel_allowed;tx_power(dBm);cca(dBm);traffic_model;traffic_load[pkt/s];pkt_size[bit];num_pkt_agg;capture_eff_mode;capture_eff_thr;constant_PER;PIFS_activated;CW_adaptation;CW;CW_stage
AP_A;0;A;15;15;0;5.25;4;1;0;3;15.0;-82.0;1;833.3;12000;64;0;10;0.0;1;1;16;5
STA_A1;1;A;11.6895;15.0106;0;5.25;4;1;0;3;15.0;-82.0;1;833.3;12000;64;0;10;0.0;1;1;16;5
AP_B;0;B;6.156;8.9291;0;5.25;4;1;0;3;15.0;-82.0;1;5859.100238514574;12000;64;0;10;0.0;1;1;16;5
STA_B1;1;B;4.83;9.2915;0;5.25;4;1;0;3;15.0;-82.0;1;5859.100238514574;12000;64;0;10;0.0;1;1;16;5
AP_C;0;C;27.2816;13.1485;0;5.25;4;0;0;1;15.0;-82.0;1;5318.755245512343;12000;64;0;10;0.0;1;1;16;5
STA_C1;1;C;28.5651;14.6462;0;5.25;4;0;0;1;15.0;-82.0;1;5318.755245512343;12000;64;0;10;0.0;1;1;16;5
AP_D;0;D;7.8184;22.2599;0;5.25;4;0;0;3;15.0;-82.0;1;5917.422773625067;12000;64;0;10;0.0;1;1;16;5
STA_D1;1;D;9.5097;22.5588;0;5.25;4;0;0;3;15.0;-82.0;1;5917.422773625067;12000;64;0;10;0.0;1;1;16;5
