node_code;node_type;wlan_code;x(m);y(m);z(m);central_freq (GHz);channel_bonding_model;primary_channel;min_channel_allowed;max_channel_allowed;tx_power(dBm);cca(dBm);traffic_model;traffic_load[pkt/s];pkt_size[bit];num_pkt_agg;capture_eff_mode;capture_eff_thr;constant_PER;PIFS_activated;CW_adaptation;CW;CW_stage
AP_A;0;A;15;15;0;5.25;4;0;0;3;15.0;-82.0;4;833.3;12000;64;0;10;0.0;1;1;16;5
STA_A1;1;A;16.1526;10.5397;0;5.25;4;0;0;3;15.0;-82.0;4;833.3;12000;64;0;10;0.0;1;1;16;5
AP_B;0;B;2.9415;21.231;0;5.25;0;1;0;3;15.0;-82.0;4;1409.1630394857784;12000;64;0;10;0.0;1;1;16;5
STA_B1;1;B;0.4497;18.6498;0;5.25;0;1;0;3;15.0;-82.0;4;1409.1630394857784;12000;64;0;10;0.0;1;1;16;5
AP_C;0;C;26.9268;13.6397;0;5.25;4;3;2;3;15.0;-82.0;4;5407.234893339724;12000;64;0;10;0.0;1;1;16;5
STA_C1;1;C;30.0278;11.2426;0;5.25;4;3;2;3;15.0;-82.0;4;5407.234893339724;12000;64;0;10;0.0;1;1;16;5
AP_D;0;D;24.4964;28.5184;0;5.25;0;2;0;3;15.0;-82.0;4;6543.8961412642775;12000;64;0;10;0.0;1;1;16;5
STA_D1;1;D;27.188;26.3548;0;5.25;0;2;0;3;15.0;-82.0;4;6543.8961412642775;12000;64;0;10;0.0;1;1;16;5
